Monthly_Energy_Consumption,Temperature,Average_Annual_Rainfall,Population_Density,Average_Household_Size,Industrial_Activity_Index,Renewable_Energy_Contribution,Energy_Tariff_Rate,Number_of_Public_Parks,Internet_Penetration_Rate,Education_Expenditure_per_Capita,Number_of_Hospitals
2548.471166634197,22.483570765056164,870.0700612120584,666.1189437757257,4.122191000098783,75.25891537186803,12.614646302575409,0.10177265702269378,16,61.573760688264905,4841.649816812254,9
1554.3845255091064,19.308678494144075,1081.4654444472553,1108.672038475987,3.1676914150753657,43.1167360569659,,0.29956417113639566,11,93.4204761973467,6654.325070530842,9
2742.8652418762267,23.23844269050346,789.5657207013109,867.4752482108306,2.686626387450497,66.18021250146944,11.344544007331304,0.23536425977147912,7,96.32318989780924,3534.654202235179,6
2201.46870528809,27.61514928204013,839.3307050005324,1114.1197337186318,3.7905556306632784,49.422372957489394,,0.2656938598898234,14,70.98136914034052,4158.952070688524,13
1911.7418912001804,18.829233126383322,726.1942916338609,847.3481686914967,4.784546294341855,47.41059050088771,46.25749813377644,0.15892387926923862,38,52.53112361345371,6197.945346543701,4
2124.833828333877,18.8293152152541,818.125116260205,639.0235798670963,4.7874185600463885,63.25489906230008,15.569814844703807,0.102863055533412,29,51.96959168464097,6486.161874830186,7
2414.9536849484944,27.896064077536955,846.0271624982304,674.4915124233675,3.025715834316471,59.78484317620129,31.296827291008682,0.247573903712306,39,78.69749330345053,4917.255020567773,14
1434.2676532045011,23.837173645764544,819.4842340270138,1009.6169893322764,3.583032398665085,26.354117645236258,26.443824104028263,0.26682891940013514,20,69.64475544465895,4008.757837978686,1
2564.4431530470124,17.65262807032524,698.0304680291143,1051.9445003442963,2.6349076957095834,72.14810524588844,23.893733050353706,0.24809522639070383,6,51.43262137888273,6676.674801447327,12
1893.7684452318376,22.712800217929825,820.6361771325451,819.1366749791183,4.986893328496651,70.70137031221176,45.9933338274909,0.12857005746016772,28,79.16261961562785,6275.553913399357,4
2336.113911361297,17.682911535937688,946.2195938717637,1127.7184917554748,4.943353723603807,40.61655947735706,10.87293587101958,0.2506855844513938,14,50.565126829451124,5543.157590209787,5
1466.1471104987054,17.671351232148716,844.8635764514527,667.695987546208,3.948526789122342,55.93705300156114,36.551587447023564,0.2537845564215282,42,89.36859790746365,4350.078120850064,8
1642.456038983106,21.20981135783017,896.1987189071841,986.7840402705367,4.41324217903242,57.41045279424108,48.535777368542014,0.23170810313401097,26,65.32164113516858,4960.776527329571,12
2244.7979139771396,10.43359877671101,776.2988029987372,757.7967600475087,4.1453004838511,53.910106487358604,32.40672733847368,0.25322318655911724,30,52.012900150461604,4871.711935164135,2
1259.2829535880915,11.375410837434837,874.9900239423711,869.6327784395681,3.7794746571184046,41.7454226923187,47.472898481323675,0.2691842879355464,47,79.41761104915767,5264.6810436924625,12
2220.5651083683206,17.188562353795135,827.9267838216526,1009.4797342632828,2.160043990966693,39.92564948092922,12.09031517144095,0.22272082284749167,43,69.88422072165274,6160.801150505069,5
1976.8160687061732,14.93584439832788,704.9089270312768,827.9173269432096,3.3642930276579834,49.61668893512832,26.751732762966455,0.11772094279393581,31,98.69002066785748,5703.533632909923,6
2506.6168913138326,21.571236662976368,831.8521004798874,923.088891154035,4.024358906502232,67.59093528889048,20.406311638482045,0.19752556193344217,33,77.2099331251851,4138.0991384121935,5
1720.028950202005,15.459879622393945,700.830333655969,1201.2585618428882,4.032594841651054,58.15400231891648,39.23283859922919,0.11552986693432102,42,63.76195905185041,6101.19716001563,13
1185.7006053666394,12.938481493323543,736.7119725115208,884.6216260953703,3.119367855267151,44.44078501870841,49.25188361988987,0.18150860620648618,24,85.47194323169873,5250.505712010524,9
2590.296944640939,27.32824384460777,818.9328307292374,1167.1384224130284,4.825075959974091,61.57548065972517,20.26120249776991,0.18142129782512553,31,63.57460012713557,5549.652636687133,10
,18.871118497567323,829.7244273380124,774.0586290684764,2.502071096710343,7.27186069054887,36.16698405896298,0.11320196882804832,45,95.21216457037826,6173.232687422882,1
2278.243216145088,20.33764102343962,681.0767534922871,1105.9608355830565,3.501078338646682,67.23148550558156,,0.16976410679389586,24,68.73609852536882,4110.735800389159,14
1333.0308695835417,12.876259068932717,905.3985771182877,1288.31372413158,4.072651929652468,23.904293318328506,32.61321018286439,0.12219961975826298,48,77.49342813881026,4971.33953703483,3
1942.9572806967906,17.278086377374088,857.2006278300473,505.67109997454213,4.091407417675428,44.563385878953014,28.557299467533447,0.2616470420018444,23,52.52865519121144,4574.836358912628,14
1359.2886117754092,20.55461294854933,729.5271564389116,840.6209489059047,3.945916870306447,,48.88021318526148,0.2895376051928942,24,71.30606189761154,3745.7124597076354,2
1365.1202703672009,14.245032112888486,646.2415203550825,1115.414425436108,2.8258646403555803,30.579777864186415,34.341090907858664,0.11446329505158773,39,91.61817698304975,5277.367982083936,12
2531.3903843491116,21.87849009172836,785.5095420918568,959.3909227914014,2.468619706059866,67.41240181067779,23.980254883472753,0.29102304145834024,6,90.2824402681671,7009.245241267539,13
1102.6188957841189,,755.405628613884,1074.2291746742617,3.9078209804801327,42.98448198032163,14.563831395517335,0.20451531986734903,34,61.215927942676316,3527.9378043953975,3
2153.292751001071,18.541531251033618,811.3140457053023,879.2029626568359,3.797906348418313,55.197558225960734,16.04987314939738,0.15991313559077477,38,61.303953550528135,4974.175511160423,10
1716.9633763901456,16.991466938853016,763.6883338844434,1017.31795749458,2.538068030867723,49.29619131681224,19.012677198049403,0.11537241505523271,26,90.86526561066184,5512.434348059819,9
2760.308557538645,29.261390922544688,599.254313925499,968.864552921584,4.11541743671169,57.15561240834682,20.03866645361192,0.20012485361408355,7,96.51992100846627,5098.4625613249445,13
1870.7576931755132,19.93251387631033,761.1653061698842,1233.5564123319614,3.365515975200969,51.15232836590383,44.024642313645515,0.2589031088981497,10,54.768046063650175,4909.497557987408,14
1047.207359639803,,769.4380888931687,1050.8841686602427,4.003281774809459,30.755116637171454,32.44891153130099,0.24141729545333962,19,72.50293197131126,3960.6269092433404,9
2710.1196618500635,24.112724560515943,863.3661024774059,1067.5205324150404,4.512101239310452,64.94400229170711,61.87127290994931,0.11004520229279476,31,66.87271394821144,5186.229394352131,10
1891.705444507295,13.895781750144888,730.180032538895,917.6246067755065,2.5091852857307693,42.593651252580315,14.590754874768699,0.11458036707358071,14,93.53442277287198,4394.588818387259,2
1694.5854307208904,21.044317975023777,967.8674673372566,,2.05743460399051,26.651271520103734,44.4055877339774,0.18057465652652743,13,54.176245734000936,3248.0626360171573,14
1540.6059964847311,10.201649380601122,608.8359449348243,913.4883624360758,4.33730775918736,43.578272585511314,38.91257212833935,0.15905809880958865,37,60.55629712790187,5955.673776410985,3
2751.7912969756694,,931.1167497802625,1078.8904284756593,3.829092275457848,72.51139685951466,12.706734476000063,0.14647686461120957,36,87.62341687932471,5766.708655873634,14
1973.77114250928,20.984306179345616,777.5681029121895,915.8031038359475,4.098918708866365,62.753326131702394,38.313403889190745,0.15620089978174273,10,52.56469244906078,5041.328781480864,4
1695.0098433583685,23.692332899977053,885.9584872343556,1057.9549713792826,4.514464924965928,44.77021798388211,31.741528693705842,0.2606965486593769,45,74.62676903571446,5183.259750564562,9
2554.2928191578544,20.85684140594985,807.9801484058734,1415.0801597290879,4.4084328044735015,44.76113443522357,13.269013829871131,0.28584561072637077,40,72.105351733986,5859.45441017245,3
1980.9745359539027,19.421758588058797,913.955553602547,1174.2249406863384,4.882760440786474,45.17547423173926,,0.18102053890551328,6,66.72005894943743,5179.471725422466,13
2738.451075576071,18.494481522053555,761.2638035447188,934.7952935664317,3.607805236556355,81.15121975341262,29.387851485201878,0.28122220042649937,33,69.72861576594619,5723.214043809052,7
2554.163188126862,12.607390048162863,690.1379574822188,1240.242784432789,3.465486897979716,55.7290317834733,16.63098160653103,0.1642991402495764,8,76.49702934651165,4762.01423930092,12
1290.737292697404,16.400778958026457,942.0504287271064,,3.20566159967219,56.45062470786604,,0.19528739726875832,5,58.06836791941916,6049.586990859158,3
2342.6143498183815,17.696806145201062,788.6519354117859,592.3750929644292,2.4610731285326137,65.45425181047763,43.99901485922648,0.14520579956319996,23,78.59979391417964,5256.628580746147,7
2386.924989507736,25.285611131094576,822.155847362421,798.3827378165192,3.717821698646067,53.581837385397705,36.76089349316433,0.22809520843516878,30,90.27161646499931,5155.241554884699,7
1116.7414410831989,21.71809144784231,923.4751914044796,625.8416157948288,2.8310375729779365,46.11436781268945,,0.2957962230349618,29,88.00804648950796,3983.9511290303744,9
2313.8886717912765,11.18479922318633,696.8044757905565,929.6973031917382,4.763922536638926,47.05475226372533,26.470621663380342,0.22069861920867573,14,57.69499523468868,5229.564683441367,2
2108.7550890771276,21.620419846973974,859.5490897639257,1003.6836758379103,3.749572412831293,48.92598110878904,36.038938686038165,0.17156281682270977,19,57.462473487073694,4334.436066004439,13
1955.726279569066,18.074588597918417,741.0105243537109,1335.2874624550566,3.7785205415243306,49.44166645235238,31.817274776276218,0.22956348919810568,26,63.40871838724567,4489.373818777205,6
2695.395458652259,16.615389998470206,786.7830644355628,1065.3854747528326,3.06477398263103,60.9144431545547,12.490924235275426,0.12458413569307752,25,68.05373631705186,4347.699497347103,9
1792.5934683025637,23.05838144420434,807.2278965384289,956.1798942382271,2.1559680559331227,50.77918828710949,30.500105950813268,0.2777318160530797,26,70.42277907042413,4147.01205448062,12
2599.9715066906388,,649.9778138553064,1165.8811162366978,2.095231296118966,60.98960115823369,42.25614468931358,0.20061679015596728,40,83.98486084166726,6699.817122413569,12
1725.1622464164643,24.656400595580994,722.1162957179565,557.7729381984229,3.2700054324595924,48.78925129837126,28.36959510387832,0.18986994840792842,38,52.83402160829177,6065.071249590723,2
2791.1139866530903,15.803912383886807,935.107289241314,1047.1229116217132,2.2536961342917134,51.17952785474136,12.078263102170737,0.21717295769070383,34,51.73363521130332,6536.294001715409,2
1147.6338118918488,18.453938120743928,888.6191188584796,,3.8205408666204175,20.026989732018386,41.451127975361324,0.2249567725578805,29,69.59552814719545,4021.683984355549,13
2715.0897321445827,21.65631715701782,793.7360422672765,704.2827508440316,4.642919016918972,63.74491512053722,18.054551285438976,0.11435516124530261,49,84.85818460689902,5057.002999928714,14
2382.0819028468413,24.877725635611796,824.3123458512894,1228.750808641386,4.648744449556166,55.19732713846989,20.34483339552155,-0.47304688848936094,32,59.67176714782413,3965.193899836723,5
2846.454438785787,17.60412881077355,770.5757494363543,1067.6992814988828,3.977136230396697,64.97015164789478,16.588254137291834,0.14838633606310592,5,82.0752240628126,4443.444098242348,10
930.8024090019201,19.071705116680914,935.6583385827983,916.9424172198397,2.633695494418793,6.556169327094658,23.2086025948599,0.24279052650131797,49,62.991406897014976,4265.4984132667405,10
2048.5953604130855,14.468325129969859,779.9647422205836,1126.556373221257,4.588990494076616,81.32562057171091,40.2700602275454,0.26450695887683934,8,94.30430544067582,5991.66720515325,12
1889.0020146849636,14.018966879596647,823.1842092134848,1454.1385715608792,4.658280305939624,47.90615557767239,30.775434380157492,0.260791701510504,11,94.78449721333082,4683.016257518592,10
3387.9020727454995,24.062629111970992,914.6030144142065,1036.373251011699,2.5899607548588763,66.62274225106275,18.195250966028503,0.21050019348157784,13,64.86436021406632,5854.703466955213,8
1978.8376315501782,26.781200142854114,722.2628515154094,1049.644117260067,4.212278257312032,34.401411093117034,45.113203126081636,0.2040339784621502,40,61.49968769816203,5483.296711670814,11
1915.9630946803964,19.63994939209833,955.8789184496894,908.1278200919512,2.8595586467813687,59.191608575938545,,0.12857519226788233,23,70.56519860331156,6842.911001683831,9
916.5422516601224,25.01766448946012,646.9538590256623,830.0311261070417,4.407920937058789,34.198766552395156,44.82313700184028,0.2550692300806271,5,62.026579259007434,3816.444621488221,2
1921.6035615643218,21.80818012523817,962.9642131112798,,4.991713699710808,40.64346558956292,19.55184845526157,0.15428187608934288,14,83.61919216458517,6007.38659182944,5
2133.850672300153,16.77440122697438,762.7324416048025,2486.34970445468,2.0900780159881784,78.71047030800179,28.049573767239522,0.19933908456358929,40,91.30323422741428,5917.152696320582,14
1239.3811187987776,,775.7301252174718,1014.3132474438785,4.692097597372795,47.1397639885498,49.39958624563501,0.15685481858550335,13,83.65460654556085,4221.296929578372,7
2502.883062307421,27.690182832329846,610.9989828817057,904.4685106469767,3.867891600795974,53.26149309769584,40.880499052399614,0.12676567259993862,49,91.21752236246748,5805.706669178528,6
2698.2743049518954,19.820869804450243,754.5205282622308,1095.7959651492783,4.920147857494463,63.05101596033131,11.086696849022392,0.22591153937834732,46,69.84960811037371,5268.915970420983,6
3449.565545962184,27.82321827907003,696.0193468973116,1066.7324210573897,3.3950285525792827,57.43522831958907,12.608183650419683,0.11086640696458078,36,57.815848535443045,4818.018992037274,7
1379.52822873496,6.901274479551278,739.2353654626527,1207.5079888515797,4.542163791714121,52.256283577153646,28.557255072493312,0.24972904682524,36,86.89754736987962,4340.8516104224,3
2063.008617750856,24.10951252187612,786.268903421112,897.9967202290507,2.187182205794832,55.47441503699338,,0.16351735905222334,10,68.0237252570777,4424.712438840651,13
2564.810330700362,20.435235341190857,895.7791614472906,946.0250129413257,3.0058371502348873,86.05123377857413,31.54807191810857,0.10002693860089706,42,83.56354126145663,6639.849676628741,3
1662.2096596769516,18.504963247670663,820.7603351400626,804.2472568435385,2.20104961325363,49.13571804449622,29.91250032137161,0.20222582784744597,21,63.53219709908828,5000.546255165986,10
2323.035592697909,20.45880388267751,830.7676653401114,911.1413479847777,4.926029400437212,,14.218947998265223,0.10937038170552063,14,54.06148174033363,5625.704001225167,9
1911.1062923186435,10.062155426995536,690.4480611154438,1075.4600986089704,4.45092172181551,65.75981594011418,36.271204188971765,0.1552339115641799,31,99.62908977438818,4367.280494665957,14
2291.160536120784,18.90164056081244,711.9245910397269,1151.3977233290705,4.557642263737911,66.58288899436975,42.88412642400902,0.24139529749114322,39,57.81007539652997,4376.117643022689,8
2879.099564997557,21.78556285755873,979.8725018351312,815.5669351644749,4.813895694301682,67.8054545834057,25.216800300302495,0.11253792432437318,25,99.42104969817404,5865.587847399954,5
2719.7193589261356,27.38947022370758,726.4798965236753,1173.921184021132,2.255310458359356,59.580953330437765,41.0244740370131,0.26786769847120045,29,98.86399662832235,3920.3390307587742,6
1240.298101934683,17.40864890863176,965.6208252057296,1271.1275717609901,3.15679277754,32.854926309042746,,0.10076398453171663,32,89.69090519540198,4667.828985675783,11
2749.592361313105,15.957531985534061,775.6938801119134,,2.2131046671320065,74.50147298451644,18.150658365107564,0.14936477384038044,19,82.97114810409988,5027.221928857785,12
1920.6710511947097,17.491214782077318,800.2287936143504,1375.3591625116132,2.632379304650086,32.804819104719684,30.933185247789652,0.24818081123041427,8,78.89035251255423,5089.098081472042,10
2711.5489725340412,24.57701058851037,907.0365160229929,845.2421601792854,2.688097331113017,54.5395319785855,21.485518323383022,0.16325402994586136,33,93.30507726889174,4856.725371987075,1
1363.175774870196,21.643755548298422,927.1892421938657,751.0690593377166,3.407321633142736,38.68586224970963,41.71417676135357,0.12037847761320271,13,64.4719760809744,5316.655824876739,10
1884.8055393090156,17.351198981164806,788.9187439720913,644.2559502191443,2.8056865023609276,49.03792480110511,33.1037346352463,0.1720467837600856,31,73.38406062424386,5554.284604654249,12
2500.796284269782,22.56633716556678,761.1756946478461,1299.2088622978367,2.302934320453283,54.93143615455221,35.383296702012146,0.15407865727690512,30,80.9694984683251,5587.7100363674635,1
1705.0692102490436,20.4853877467402,794.4079551477787,1130.8731312708114,2.502473267282323,54.8203582317541,41.916566384635765,0.268542380432111,23,70.55952379347455,4211.356953065739,4
2717.6085588001797,24.843224952664446,833.7957528232118,988.883065817909,2.441826690656273,,25.838818906498197,0.16266958351702862,32,71.3743227045134,4772.675921656963,2
2288.5070682812543,16.489734530613237,889.1303686869755,1055.993725263964,4.919230393736894,74.20566903587971,46.60360273628173,0.2577864943552014,21,66.51423337510423,5955.81028950155,11
1404.5502026570239,18.361689267011158,800.4229858994152,774.9021905403247,4.277877520755421,56.803014522709695,31.3211546898456,,47,78.2115908342268,5715.717750059098,7
2291.1701196467297,18.039459234339212,861.8886298023153,1489.1503959233653,4.9032843958086865,46.33765047064027,16.31819291341392,,45,92.5287264007558,3901.7124388151487,2
1953.1631288762449,12.682425259339407,963.8359732270941,1025.8442363950455,3.3192214595237255,64.46130752432536,37.835964726752096,0.2819886287708784,46,60.076418900315645,5281.183920281761,10
2220.3278215699,21.48060138532288,838.1309612264785,1021.8789589209786,2.8351054449879696,67.8420573338696,41.73045401753018,0.17546361079263856,24,96.72165193767208,3417.4198005001517,2
2123.109093398073,,831.1652856004779,1145.1533247797383,4.39487959162756,31.585882772945112,22.670467082701066,0.29281568329802166,49,84.45438268741148,5037.547921648295,5
2553.515494410682,20.025567283212304,648.1089174909932,,2.9787617541234406,58.96100104774787,44.28717027995012,0.1178579049051146,44,91.1636606340015,6518.2136133967815,4
1894.5323514312217,18.827064333124266,536.9269863170937,1044.7768048558262,2.898150121116045,60.517591134663476,46.24573019063065,0.23740385330064853,43,77.80953463150058,4241.685826184811,8
1537.6620078705664,12.92314628974793,838.8375729230169,841.9051089109377,2.6975179766234936,45.53654744960012,21.076179495112356,0.19876280809138575,27,88.97583507120316,4332.541563606735,4
2216.830098782272,17.896773386173205,790.5175768719128,,2.3890369346727063,70.6356021996743,49.34085890860888,0.17752976109112942,36,50.81001986697336,5611.223825258287,14
2275.344203963418,18.286427417366152,748.5217325085258,1376.4048992950068,2.769389183050298,47.7491661945121,15.628461121950338,0.22654237574972017,37,90.91902123897677,3765.7587878322834,12
2056.509017902538,15.988613653891905,824.3530204186345,,3.065959245421663,51.88364680207313,18.0806267360996,0.24077141832686624,9,52.006942954268325,4493.795976091968,6
1290.151309273222,19.193571441669953,793.9596270803091,1318.6373253278794,4.021982624437191,47.40392263574196,17.368993569521045,0.10087265393006183,47,94.49566881814312,5477.1529100654025,5
2408.6436755098257,,912.7780250633898,897.756864713763,2.1876945266583547,50.23368571372201,45.75958840031482,0.13339061774943975,38,99.59813736193217,4492.571321848478,11
1760.8439338623498,29.43092950605265,808.6110868258978,802.0790359482838,2.631520818996029,33.55587369657197,36.17170209299847,0.24260921012686373,44,64.70337310883889,4811.224010231223,14
1648.4247814969497,20.872889064159196,725.3076714929832,974.8426159800704,4.427070920875029,28.399236761085586,16.084171328890914,0.2332770827156413,15,60.51592781428968,5595.348568252028,2
2754.9255535025486,21.28775195361382,899.0166238959289,1011.1449824577389,2.4407657707513124,73.91757594837458,27.61293673473396,0.2932095010257354,7,88.26816819290204,5337.236866829249,11
1703.8411074016735,19.627770421169163,778.2868925053798,1218.8383036941898,3.027935439567565,37.29557977522508,34.61192100279208,0.2522075580501566,37,62.651317046012664,5213.454717036321,13
1130.0810327040194,10.406143923504793,852.6536683672307,661.5070740570361,4.59397676557442,35.129114758155396,13.338563399575332,0.29015454154626763,15,93.27811915861017,4728.702176583969,12
847.1718734364799,19.867430622753915,752.2589293807199,1305.9100638921227,2.464775933430328,17.699148295944276,45.29665473629355,0.24050810030696138,20,55.142129607873834,5296.048892215164,14
1092.0401311792227,20.301151049705133,735.0173114502563,968.3984202842021,2.2482105068545697,40.41557378465747,42.14414141766141,0.15961044172788863,22,56.29775981896791,4901.013855920195,8
1638.9678908831168,32.316210562426434,808.4168230185696,914.623786010516,3.4536139852400325,30.153653098887524,30.20827094306553,0.1210729844501713,34,98.95757775503077,5366.244487940628,2
1835.4609597599574,19.038195176094387,801.2828643543685,797.5791249479665,2.907258533835609,74.63022740204553,48.685064610366815,0.2563647726689871,14,83.69194491350024,4602.454379905617,9
2501.9642607574015,21.507736711668063,847.9827035366833,669.0286656268461,3.6902250934515624,65.1472563401395,26.710439171003987,0.2288298442951832,22,92.34436122144764,4853.944820496367,9
1872.9927273172266,19.826441151473784,773.1354246690257,,4.411414671450426,39.67774482233414,49.36441276145991,0.10963720247865925,42,66.2164688675759,4208.033765958389,3
2316.826170376454,14.156609811902339,616.3640216229603,1014.6635934376808,2.4114454644582297,83.78653708016463,36.71679995214508,0.17201009318019567,23,83.82418747603022,4971.993911995011,4
1528.9443359948568,25.714114072575104,756.7226116411612,742.0078200517892,3.742097253662855,64.72648230487391,35.38685093015766,0.2913599630968572,40,79.71209136542986,4351.1993090969245,8
2116.2644804334473,23.759665163433873,879.3818467143816,740.9842455872767,3.516526281169592,45.12752924737066,16.6381958118314,0.20008022914204024,17,80.15750600614734,4108.7628398704055,9
875.7791009724692,23.955159735215233,770.2623920756894,932.8430601419743,2.4322363580395985,12.508914276896405,45.27711033218576,0.18654582720394092,7,84.12662297688607,5206.92891828431,3
2833.904061209412,15.453062726026305,775.3616597485452,1333.8043050578785,3.871995456586947,-168.72827717772225,27.099587516824606,0.1915399210318588,14,78.76795865645494,5170.191820686128,5
2304.338188406234,27.013971554680495,898.6376505905937,948.081729727279,2.820921253582315,29.15641299854606,16.489336231299173,,42,71.4531184651333,5626.298987958858,11
1317.2662312765697,12.990744686038596,728.8026772741077,699.3714093763788,3.4635029556320376,25.319018795646624,10.50430079903036,0.17374143417295904,5,63.79613471902734,4655.099544339921,8
2203.408737376354,22.934285469001352,645.71967817571,950.8513871828111,2.2468169728311858,65.3385564801446,32.3902273455353,0.17396265119743531,31,88.4290665456601,5326.442277469405,3
3053.5309624781867,30.952278129049894,783.9368880474506,945.4552860504659,3.378752171640869,86.59628609508908,31.095984884907054,0.11047100403749449,12,61.313621500159314,5440.638057818931,7
1784.1622436824687,15.047318374346558,751.5826048751263,460.6226714116857,2.919390404128461,70.76409227765777,38.774144894766344,0.25351352570358365,46,84.61771530772072,5355.819046265276,11
1638.9716205447487,17.16851135198614,703.3753680246746,989.1410266964375,4.467143633556063,58.45863680078539,45.610322120712084,0.1833008863807758,21,61.66664113246633,4339.477053758286,8
2434.3389876322385,20.498256825438204,782.4621544101309,953.8130939582644,2.170936180992105,58.92131512497929,13.176263385721182,0.2644359773632846,13,81.2665084977227,5119.490785816951,10
2455.769506434175,17.482621729419005,849.1505647246784,1139.2412729626838,3.2558218247549897,62.80123338170462,39.259859613614495,0.2700696002239791,10,87.35391335645144,5291.312236843729,11
2056.039327660082,12.246682844669337,799.0711438432185,1369.791218989069,3.375294272394314,61.38392884680148,17.49647776390329,0.1423988109397316,47,60.93569444532696,5005.742773526354,14
2080.598223896624,20.342814874030136,830.6981072686237,,4.175018228897356,54.21787135954064,44.327082126286555,0.2314706964340257,29,52.997165043065415,3330.8178733031323,3
1921.8598261878988,14.688481431369475,981.3407698515423,946.2222618890339,3.722862725270633,51.56301655927814,42.76254055446624,0.19445636083259632,43,56.548687149708705,5128.391699178784,2
1867.3054223115184,22.36796215317591,765.7121138442436,778.694818251666,4.0016370115825435,49.06110308150716,31.631750199421774,0.27603134758429704,32,80.29984836355128,6770.024831517794,10
2017.991689411295,15.402878828830985,827.8348634644669,1514.671960649972,4.331147856955268,38.690531166999854,38.40971194493246,0.14314813583529082,37,92.47232031128678,4711.9685849944135,13
2248.598011665711,27.749672025087698,749.0786637400865,1011.8436868028977,4.586608920974566,45.78987384699839,22.574004527349935,0.23556264006200883,41,52.24984106177122,4417.538321715743,7
1301.4693961460032,16.083733538318814,715.3640280113027,,2.9416264901674114,24.605647787069216,28.846715957312586,0.22155042445054451,13,86.70756295208231,5298.678847769119,12
1907.8204309225102,18.38969241897162,741.509234658223,995.1749825779993,3.6140681160917087,48.52490559807875,42.865475908418865,0.15906029551436657,22,67.0659322975026,5249.902568373257,9
1766.7359552174264,24.067586086848348,752.1241428478312,1039.616952153571,4.5203242353176,35.17113339273624,28.370607886928557,0.12732018073023452,25,73.92641849597612,5954.188132333132,1
2020.9193776117922,41.53703525349067,835.9475797547126,971.1279176152115,4.968353392895169,33.44616024176344,24.311930613017672,0.2303279520954553,6,96.44297749227829,3993.70547527289,3
2222.683845225976,21.137299673020646,1034.9075786700757,885.2675986239527,4.668557933131289,52.698412267302174,29.768497890011997,,47,66.59857523679227,5585.104202059994,5
2981.252058437472,26.53571377141214,728.3956563724159,890.6282117519215,3.1144017878731303,70.880034295169,43.12997009748874,0.16312546875267,42,73.2668466969743,5472.337649001171,3
2455.9508267548385,11.962583827193862,758.3374694384538,993.4493459568004,2.585499551655951,63.774749090034696,,0.22896652080446275,44,50.68412073803405,4886.282770447563,1
1733.4869524974538,,793.6876986888752,891.315045773247,3.4681776122197663,26.442490945652345,16.950463725429753,0.17902618152230065,40,54.079936000241915,5270.949854337352,7
1889.7398268988036,21.299413971242117,839.5798848709748,857.4308434645671,4.224924355508127,35.15557795144494,38.48056081323123,0.24264137665652355,47,62.9295795567392,5823.565985278686,7
2470.8384389237485,23.90911435888655,826.3550811954785,1021.2860455383793,3.477707212259893,64.11156781982324,43.03912850832327,0.1398430549788106,41,51.392612041053724,5697.85230402276,10
1351.830346668798,13.81524644560959,928.4095793948118,949.004556515829,3.4495425899410055,35.26268909692536,14.025499140941333,0.27804300052723485,19,81.56876630241254,4085.5845503410173,12
2066.6861711450124,13.397716934578618,557.3607929464791,1300.7985977165376,4.5146912632454015,46.63050275004463,19.594964510237787,0.15748191929311595,32,71.31991784008113,5656.126549404387,8
1966.6624476283046,22.60970782808449,561.3070129804328,469.80603832139764,3.084211337201559,58.25078148536828,15.678879590439756,0.17355719755123059,22,77.4072601364011,4948.249115973985,5
1398.6777285883722,21.48492336616593,750.4121827989851,1218.3013703844924,4.579384024434937,35.47483317704547,23.917656463286665,0.11161839041606997,38,58.732359294816476,5058.299278412413,10
2115.3293937412664,,909.7300187543709,1249.2170384995259,3.2204144028551704,51.580632592189396,28.014039156216505,,26,64.79660147183081,5058.557592801356,12
1230.2540066953966,,643.4351968394403,585.32195351837,2.9846993170350182,29.989617576226934,39.953053478532254,0.2031723805424656,15,83.19122374263625,4879.805608961392,5
1902.4337343538991,,499.23676603062427,931.4624811839302,3.3619697335990972,40.9794853407318,36.04590339526696,0.1535185353455943,17,98.26513618151999,5953.365997685652,5
1778.9063228374414,21.161268485805017,857.1179406219209,925.7118268008417,4.287340876024605,54.79672901213806,34.837142699137246,0.2670960451484389,8,52.52083868011046,4933.025632120631,1
1801.613267126783,21.465362366493405,824.3657223702714,718.4976610564357,2.3780060835919827,26.105093997024962,,0.10293867773099077,26,94.5192160427633,4104.363097293465,10
1420.2412652385417,16.42824290986816,690.9791593200571,844.4366624818249,2.5892576476160523,56.607121069405984,43.6579021233904,0.17581880973438724,11,78.84406006556043,4685.176115224217,5
2039.917298411758,29.328872555723784,701.446039927907,777.8848309068343,4.854334476989276,49.70543301609978,28.85148669592658,0.16746910935381853,47,78.19597833778118,5142.955773448381,6
5552.828735125298,22.36916460455894,703.0256280365326,1350.4540886847244,2.526474882144072,58.28734931625722,49.16419752060618,0.10386552618352021,28,75.01392676038802,5983.371827437641,13
1991.8905871826387,14.043482513986756,811.053531747394,1187.1356786294923,3.703181953793164,53.358712010969924,35.36568553182947,0.12487367980010206,8,53.46970429520917,5482.475747959067,12
3021.4217378551807,23.28276804316915,737.3684723816993,1254.3110189988317,3.737943399985814,70.46210644960766,,0.18272853498372704,32,54.493842586808036,4319.571777002365,1
1944.6426283481858,15.126591648863393,849.406391897552,1144.334412808647,3.4688733861507344,51.87836753971861,37.04710248301736,0.1985729168894893,19,80.0456002829543,6988.151933343113,11
1659.2338862452416,23.93542301871226,514.5373337095609,2322.5689372696625,3.9342357457304558,43.558916883121206,23.00416061726796,0.18085794945097383,5,67.04792857177792,5211.820248782384,7
2038.6374623552742,25.79297789503702,714.31481348722,895.0959467440452,2.689480177392855,51.83446254548426,37.4530878674439,0.20618753568241877,7,95.86340332888403,6020.312590399212,1
2382.117835121266,15.896588408241447,687.394603908895,1097.8749122455836,3.6579868033302447,58.14947043554582,12.78564592649623,0.2190263349811363,18,70.32952686797361,4878.628453138217,11
2747.240022321771,24.81688064622161,774.3659321627508,755.574438221611,3.1165197657406916,50.732901054885566,16.995257487038376,0.10198476422556713,42,57.164072935132054,5426.687395764359,2
1514.5151585629892,22.06390463468249,746.1952241509862,1142.5996860344776,3.9850017788875673,50.608875368058236,44.22949035623145,0.19281903189070076,5,85.7359416751018,5671.574803614723,2
2530.7555831489967,24.11030079997245,879.7843779895767,951.934920368373,2.4236706301194486,39.47012468289867,19.087182280940596,0.29269984817751765,42,64.6676710720505,5974.555769403405,5
1883.1280940792276,29.483964913269737,614.0663228339943,925.0358384900806,3.712632250518429,40.05648623673578,43.4816450097176,0.20380645602590974,42,76.27351536779466,5845.89464430258,14
1321.1213055027783,18.773059419985646,804.5491476330752,1142.1919936406982,2.555811066149971,28.960920923004597,21.171043538176416,0.23550845349179064,25,84.8916392752585,5697.757600058382,10
2155.5378650596854,16.23131917821255,855.8336423211706,1088.8526622972079,2.835929189345109,76.24365114780409,35.71527640234831,0.16237277158337665,33,95.01320556010353,4747.930615044713,13
1273.9482913957954,15.552427851872384,985.6647436561955,927.806766836184,2.65612940097075,31.342051469130723,37.76602294039324,0.25479827563055246,9,89.6095597400838,4542.603166435151,7
1300.694937229389,15.920948575172808,751.8234028906525,1231.8659606728497,2.548513339606451,39.60642203306139,30.506190125802117,0.254584296375223,14,83.8180533936362,5266.086008259358,1
1570.818497046112,19.614491452929478,832.4458604352517,783.7873344800205,4.477132854682001,39.22389101646204,22.21242706786925,0.20425920953082777,32,83.98165911975718,5746.502457872855,10
2539.0195533401347,21.70575987408322,619.6137207437635,1123.1871213888528,2.857122702982671,63.42386565416662,,0.2952027646558427,25,97.29623220160433,4821.823439378714,1
2739.005256184667,21.383453996650097,560.8043795686976,1118.6202515936768,4.781371345593348,45.57575482561958,11.327574182497049,0.12511004295253067,11,64.7912048748268,5852.13757257151,1
3136.6509249946002,24.13591624518012,884.47743757817,,4.9097795760355725,68.716131090106,22.157856049628954,0.1033895329779162,7,50.05560470980937,6162.093396388944,6
1501.156651717592,20.065009459389536,799.443970635193,1065.2266044484236,3.713781409811292,39.897640636341976,36.126511621251325,0.2540316423514192,49,63.59772796990993,4266.943264741264,2
1909.2632689854058,27.267670385786584,917.8512689798423,749.7772847229394,2.429003367997179,54.18491243335703,47.532192737939305,0.2614311074729765,24,60.8945689813372,4330.463436962976,1
1144.1254146149809,18.67671583381022,662.6597111030251,1184.8054038413802,3.1236447301387438,37.46979420110364,44.84817929052208,0.12404144582411525,23,83.0917292556999,4887.699952875731,6
2632.415726692111,33.600845832948096,851.9902139528753,963.0195727114021,4.393196790044642,82.17723691660083,40.642591061412105,0.1531165665917212,39,81.68557998827646,5246.090134551358,14
1192.4647815862236,23.12833673882503,986.8817840543853,895.4553958961922,3.1021721860912113,32.18602371455731,41.53789373013195,0.10351047267332579,8,79.67306913523619,4580.34638898636,2
2381.6412507395603,15.714212217918586,841.9705608357266,1209.801845167378,2.2610516549083663,54.64731065340541,36.59939613903981,0.15866172215611293,9,50.812172160472684,6081.762143093716,6
2313.115990172032,14.645537509694439,827.6581505591049,859.1312618914482,3.670354732784564,59.50665321398148,20.41147430264012,0.2546283747837343,5,86.43890272253238,5339.253489214761,10
1990.493964950796,22.412362076215928,800.855608082435,718.3077407272881,4.535362554488104,56.20698646177247,46.28780122823319,0.20359210554251578,8,66.17652062427457,5031.5576385925915,8
1223.607041996221,18.882686073370746,642.9118542874088,688.6741652952193,4.387779161430507,47.220685116834375,36.82929247623336,0.1696191186336576,16,83.25279945033157,3851.2723809051777,2
1977.5979915892399,23.57000247046046,935.5572935710348,1121.201990269128,2.5253694203910597,48.05268950399861,32.4176252392176,0.17434785898126606,31,77.82892142510767,3947.347346857994,11
2053.268734511171,22.366188122867726,738.9142360194934,743.9141295007435,4.0182938432374,50.657172079686646,,0.10027072514309364,46,67.13654627139536,5224.807400225445,9
2194.8828468156044,19.635855436715637,850.4483256383016,1350.9588363968728,2.6615127903069413,47.79496997557267,,0.15996010551304718,27,56.72881335520539,3293.923499076131,8
1913.8999678655043,15.766031409657975,643.6965693428747,583.6141184232556,2.6546226036565166,64.45818675192365,28.41433084807705,0.2292917483275861,29,54.720944883024046,5810.109927715257,12
2174.3551111214206,12.425763876570677,682.0540335492219,1339.2912736580076,4.622215319915556,83.15784502387027,44.582544380906796,0.2948388887632714,25,91.57591665561118,4873.476924502143,10
1788.2060642124388,17.767425239664895,943.5087399222235,1042.2034934405237,2.7490068582206906,41.637623224882496,31.865928807511537,0.2694121653967799,28,95.9198771040779,7594.474375675787,1
1902.6664584338346,24.28199397161736,765.2697711042157,980.6573776259215,2.7897420395540333,29.452955306313832,25.216021958816384,0.10471899292910583,29,82.48940233821497,6846.3330004928885,7
1415.8258666949928,21.07046872065102,945.3275476042545,891.01618263821,2.0019601722838987,48.67576927473118,,0.2797121209349679,49,55.17170574302417,4854.840744601986,14
3085.67899496641,13.77130610644006,792.1769340941482,1079.827222870414,4.612007102376553,88.69564006481477,,0.25663968265972514,36,70.10136084441203,4914.930397974948,13
2107.638431631238,20.86590462925591,615.8102227042143,992.4730595150303,4.377784439627404,37.944881480454036,26.901937132477784,0.2560752247141961,36,86.44696000525786,5796.465211201624,10
3574.0526104228347,21.926586898644185,889.2067599731721,1220.6603764033043,3.881986805272034,74.58675208166102,11.680987006856212,0.1915991518007143,9,88.99104420050341,6362.53808793443,6
2525.648963527962,,741.0107682244392,1022.845529732408,4.250797291816527,75.1655122111466,39.59616483067721,0.17960105859090056,40,55.91093111455443,3689.5767540511865,14
1800.2535770140387,20.76862552972764,869.8688813517043,1030.0603522923755,2.456145702273475,41.69617637438008,46.72306208796603,0.1605831457666385,46,50.00153594226912,3570.8996277162505,6
2350.8016835477306,20.29104359223,802.5210867540083,927.2775575572289,3.374970783762726,58.534746187779135,21.201493182019576,0.11313897179087316,46,85.60685229403025,4502.372155556495,6
2552.6124036826327,14.285148510846884,645.6881772057129,988.6108752557865,3.0536581620463426,74.42594934692806,44.33366707196483,0.14564707269873983,43,67.82980879931029,5466.190066539091,6
1850.4278261908375,21.788936801741418,816.4294765370569,1061.5603537784118,2.2813295787710492,44.313083885187694,21.68872921847591,-0.29864145399120984,20,62.72406658091301,5397.498872406078,10
3801.669355997869,22.80392263184117,1019.6223142152799,657.9663214686749,3.4583914556447723,46.946294598464576,46.43080646575661,0.19681541394204033,37,50.644873489476275,5855.81716398708,7
1598.4479877838457,25.415256215876383,849.2986458514459,,4.762218951027906,41.274786290770344,40.158476143871354,0.2494888813193388,25,77.01497033807499,4040.2419773077536,12
2227.9457371918656,25.269010260174515,794.2482246994537,1148.652818804543,2.1201773571520834,34.778649039607,42.19627107365754,0.1947619656795893,13,92.55753677129908,3147.0849096248985,3
2077.8937764243856,13.111653160214544,907.5343401956898,1034.1730876255883,2.8743827404813818,40.26083682400989,10.72026222401818,0.11156888988943213,10,97.8815823136294,5686.411356241716,14
1000.0869398943495,15.310874800424386,821.0668465203111,963.2033327294641,2.6226228086171104,31.64089599856615,48.51241428296104,0.2915579601976408,49,78.28724753066446,4337.4429816278125,6
1880.2156450382552,22.5751763360433,820.9534230262794,1003.6867866130787,2.714439960997089,50.51125202388839,39.066839682812926,0.28854486381882244,39,75.7230663869947,3385.2097084890897,3
2124.929905377957,22.568929754561044,690.8374827840897,1069.5163410723342,4.725303655638125,38.450401534120374,22.190043815445332,0.2570379086296817,43,54.252819274462055,5116.050996767505,7
2032.7961336858496,22.575238431530238,823.3848025789598,,3.4042071627028703,53.50678867686121,43.17578659435388,,26,77.44364007712998,5634.540550574942,7
2138.156070109148,39.26365745327361,903.5443416416945,844.3390549195375,3.3988982388194566,26.66156530694559,21.260847936597198,0.20889646656005256,45,68.99895394826973,4902.354294302978,8
2031.6151075310904,22.854452553465833,716.3937847899975,1039.1690510195363,4.281726927365847,54.96320348321686,44.910153582645115,0.2925536700506412,9,80.35676404417885,4633.721291054008,2
3031.553740784401,,942.4495821246948,804.3254444769937,2.4634766120147775,62.50293442413387,14.50321561647748,0.11512100812335016,46,69.43631739382734,4872.510214283275,9
1022.4124338577095,24.770008817466014,790.8293975854874,1081.6505511428943,3.4617960623001522,20.093965361428168,38.14743909843183,0.17313614965227425,27,62.01495617251834,4703.533790079374,13
2343.5228087435435,23.25695625652899,711.223048846146,659.4832791524319,3.289955642363179,55.61084854771358,31.62793906579641,0.14507625360135318,21,54.748263761418826,3921.5623104478664,5
3007.9310976575507,18.42365377679827,899.7632076920245,1205.8311274651287,3.7907320716399684,68.41503488709938,13.861378807817633,0.139166616826854,16,65.74592222944479,4428.255458407654,9
2363.219633869332,,771.320576426173,1094.5194964826087,4.998673109751316,31.855384719631918,19.67575313035356,0.12816058977853523,27,54.832241714387614,5417.023924011051,10
2601.6484554663703,16.13587392731214,875.9514887486108,1051.2059468627751,4.308346682246141,75.08858580256555,10.496161451092592,0.22448272831319932,20,58.8448475411992,5257.3428331012,5
2243.133874867322,18.815906966299956,770.8241367741463,,3.1935971090522814,56.28528514049068,28.750718618580233,0.256264371149461,7,99.3668079289773,5134.447844773456,7
2046.638390298496,17.573182260854484,794.0173856470096,,4.482659156822141,39.424822163623865,22.050610430400013,0.21565967988407214,34,72.20517784533092,4203.881214517296,11
2376.2962626051017,20.409370696931614,849.3560204334292,1202.874013003626,2.5121250899374408,49.16346383513441,33.934299371910356,0.12939254191764193,26,76.59358832525083,4854.797470291466,9
2692.0119887043247,31.573292833367542,829.0897057590006,631.825153733671,2.0913910589268805,58.374903687825835,21.88951230834469,0.2622247539866942,13,93.68092643686077,3258.347962845716,4
1267.9289975589509,10.66367403704126,600.4468219548262,744.0846066528597,2.6133451173928193,51.14008087118617,21.996764460279387,0.22719094143274568,33,99.77844502453439,5142.781331108312,2
2263.5980835580226,23.43130095187257,687.8756259905608,875.0362844608642,3.021234668342779,58.08133988669554,39.727727949264136,0.1776331412253991,41,79.13572246723407,6143.086166250854,9
2219.8572377909472,11.936420644051742,892.9409984790816,1005.2182100421668,3.5317422723786795,,11.925713439134139,0.23482605910721258,27,90.62369105220859,3820.6942943663153,13
2051.448497306286,17.640340671052833,786.7863411098452,1103.5318040938246,3.8453874216235997,52.54041236054117,46.11579980767949,0.15198099584856656,17,66.34705121683376,4531.257861345795,2
1945.3829308428872,25.444752984836832,747.6268697228578,854.8512373693069,4.731817151643265,28.794282546425297,44.09055497564726,0.1690384416988421,36,65.28719787236456,5263.285422968103,3
2178.9961109020605,20.321400095477316,664.1425984742525,1037.3533528954156,3.529562028651373,-96.66321815953899,36.71218732905626,0.28349716862639807,27,70.135186049728,6002.274107541987,10
1781.1466446421089,14.611276110353469,692.0263678724152,848.9234135293354,3.503826933877188,36.44138537802815,33.728862804295375,0.15810090113428407,49,83.62536313368246,4641.420306959881,2
1410.1443698241603,16.42348145370016,597.8201360038053,877.6964394016104,2.1507290294689465,38.9670508611535,45.69209992558609,0.19399765363158733,21,84.10958446275494,4446.199736587283,3
2753.5880020521067,23.39798874467338,789.8719281298468,718.6677806303555,2.104734657968671,68.54139762815656,17.41320718114858,0.2780282274792029,44,65.76197173247255,3424.8614860671332,6
2488.4183929812257,16.34816684141432,740.1562419418954,815.3533507778192,3.653479885749116,66.36965180891403,13.158766487633144,0.24154427005350548,25,56.66049620683143,5082.750503446485,3
2377.160001965408,21.082292947909874,703.3412109014685,729.6630788767333,3.3145358397450337,,,0.11244064523294056,6,81.61981282327542,6633.660832114995,10
1624.7353305872475,,793.1876574832047,804.8253494045334,4.517541184940896,33.61530852991132,41.78313114800761,0.12946060885579408,41,56.41629310943823,5221.886769571741,8
2119.1063811746694,16.741998261970913,836.3970630852738,1210.728359321568,2.4820387541355355,45.25387325457797,11.386810669059333,0.10156831815438337,10,78.92462541146651,4982.176816653029,11
3304.755696015056,30.719720446626628,1009.3197932209945,810.1202222336115,2.074914986351149,68.19646549968775,33.31227340333959,0.22618435804583267,48,84.67110640281544,5257.665848613588,6
1968.5193467721188,23.169595111590056,648.8116580436787,1526.4764129674782,3.3471163037903775,52.12575370459857,49.817500647652395,0.18953468508208365,22,85.03057481972257,4991.126396841119,7
2652.4330117955806,9.874287066711965,915.9381043300522,1098.663580176178,2.7124356702567725,84.7899430997254,44.227843753501574,0.1268549701804551,34,87.67360553297983,4349.588502191897,1
2574.429939966,20.93227157384714,897.3101561015072,1036.967224738975,2.1488431200165126,55.89976759091558,30.857827561743576,0.29158682421135407,26,93.64297107828322,5658.623932542164,3
2080.7415645169335,16.69106767615806,722.09072606233,828.3284439637573,4.173794860542887,52.880736747350475,12.545636371465694,0.20593194478912397,37,74.99794959823942,5180.609218489403,3
1687.1849493814482,24.26216667398112,820.3235954586031,1140.0619758817984,2.3347789998717423,45.363253036962476,43.25494057542839,,34,86.51245947647857,5014.090601546925,2
2149.6723529519095,16.037396307836495,754.2366750662385,884.8724347524452,3.824958500023315,52.00311357173423,33.95914032708842,0.20012071423094152,21,80.95863676829184,4219.7071781774,7
2237.837242363079,19.426317792665504,818.5688580418739,1024.4019629290724,2.8431492505006677,47.712952454291845,14.597319882382674,0.23592406654702155,47,59.33199698988413,6042.806345547808,9
3269.230530157307,22.524936394902287,950.9131013404551,1512.016907653759,2.520488151065066,60.621630150328855,13.754291392934249,0.1152478435947129,36,51.28448224347041,5531.762196266488,4
2317.822137944222,72.98632791255181,860.5606232631313,980.78802005507,3.1392545687579525,64.35053475191876,46.3850727774637,0.1549407630095784,46,64.22706928384669,4557.663330106158,12
2012.0502384450779,13.998517964721119,850.8608373233442,1229.8546652571351,4.404337328668861,,36.76801051752314,0.2613930981767987,18,72.15168531688097,5801.45988294555,5
563.2853497161535,18.327493820795258,756.9690680045358,859.3647149748225,3.176280730713718,,43.17147197267022,0.19193297408053223,14,80.8552972214328,4601.943329291835,3
1130.2488864850302,17.62527344419522,651.5943335075665,993.0023019006077,4.252308947633168,22.456919403450552,45.15915601129069,0.20931542840645898,40,92.49796652516027,4374.39720599117,11
2682.5378508966937,16.73335383713144,779.1531789459592,,2.376458890397452,57.619869903688155,32.87089408193289,0.18656320044189384,38,59.81228583530828,4392.23750601577,9
1998.2022353793973,28.827271201405484,920.6608154863915,874.6065884424465,4.318314258995237,33.449500907391894,30.69785407020165,0.10877998852860103,13,56.277489494923856,3583.145157529527,14
1717.0873937358958,22.024908554804778,647.2832143410352,1362.4897115993858,2.710799974719946,17.706641105712755,27.21709641283961,-0.26629991192806235,46,98.17399737371638,5377.233904334565,4
2006.8122594432825,13.695580228324774,694.4910631823304,1141.550387091095,4.032179389666618,55.82867906796446,22.677863511644773,0.18910832774837816,32,55.402227968820355,3535.08409732932,5
3182.93049672043,24.58930973527388,812.6267736234068,887.5066448211464,3.697344664522989,87.39499276149186,27.38383843434847,0.14183709308158557,15,73.92455350535946,4017.24493498739,1
1944.1621542971955,30.610780985063165,701.5345215152738,1126.4815478111043,4.787434151635062,49.9089363269016,40.955186229206255,0.10999580573193575,18,79.27818643966509,3339.5295927371735,11
2345.966221841524,25.162326302755734,720.7476552884788,1194.510889925346,3.161967553925942,62.577361616774624,34.07693724060526,0.2687299328103647,43,77.06872104537192,4931.144245767286,12
1292.8978949607629,12.403150170229933,757.6401418271823,1124.3619924434392,2.1984955665033215,51.22744037821347,45.70093159819385,0.2962385058328232,23,54.30160785164716,4879.743631782502,13
1905.4489279350153,17.578829635668743,663.438259580985,685.9550560219087,2.0574664566537586,48.51665520213286,27.73520057516751,0.25862857479934787,19,52.85134570018097,4738.643029450909,2
2258.509187368434,26.334555745933113,702.5878153783632,854.5725648350262,4.480575682918259,63.786147244816526,34.28358314875016,0.2707569843409334,32,55.274171373051786,4165.937844263539,12
1559.667378851453,16.461652671906094,870.3427916787309,950.4962728896991,3.5742069129842964,45.64588183717023,35.25230212367955,0.14839542606340908,28,79.27938419363062,4062.212997250688,13
1978.0083703627547,22.219097140731144,669.2630217769035,985.1133141799908,4.325732155504848,54.010884711078546,33.66788649225302,0.2921253951026399,12,77.21724438171606,5371.495890837259,9
2092.362352397,23.873170267146683,640.2127865505163,1124.1344195101356,2.703276800034544,54.8254670929402,38.10535092342065,0.13938514089068568,47,61.68703960183721,4559.55845463321,2
1791.4219357759632,15.365347642109585,736.9975020466105,1035.5402001866507,3.0352512365397013,39.978643195354266,,0.29028596207236645,13,81.88870709227957,5253.086657228916,5
2266.5695740864703,19.702373219691,873.1955502509845,732.9311282579797,2.090311616633957,64.88063524304785,30.494551101831625,0.2989638587931902,37,91.00337510278247,4291.801051100622,13
1822.855408658274,3.793663299654636,780.3078192003111,1076.0395702011926,4.884476973722336,47.37560364956887,14.168992112333907,0.24234456114920974,37,52.07894799232969,5144.850194216866,8
1813.1235573701879,14.878061793328552,753.5418921884382,1122.1171490567647,4.00360372010244,38.66382260760733,25.3804531057925,0.2962287463583644,23,74.90649717740212,6042.6224298528505,3
2419.9531324039094,18.7371592430342,804.4358797515607,,4.799615263277919,58.047647653556055,29.506682744850576,0.2139079559134207,7,84.46552060513451,5468.932640314227,6
1431.659816267255,13.761084090175753,625.4292567140349,1216.1561451109244,2.796489222287217,36.52298027313444,36.088970381818896,0.15190835663521807,14,62.61559635348436,4670.068945426816,4
2098.951754986033,28.162056519658176,849.4705653775032,1166.784430909781,3.8343908336769825,50.42271736053692,48.02124210344814,0.18739917713312415,44,65.38854526465745,5205.759176284742,11
1468.9300198795534,12.849293110196836,838.3435031403644,1091.8360158456874,4.035499904877914,49.86321505033695,34.026042661934234,0.21871218707575718,46,80.6818951494692,4807.467860375829,7
2006.1595481739182,17.799777566515083,759.0691525904278,985.9668577082706,2.9526491007727653,66.28843348747367,39.74375664706239,0.114616312405403,5,94.89676467218685,5006.304147755783,10
2079.7885056331784,20.653702886430455,900.5924511796417,667.8078132968017,4.54432770504689,57.12047349319929,30.25064237980811,0.2244686529234492,33,90.49622101514497,4739.511158281197,14
1997.1480496379145,27.206366445330577,687.2503901046962,1085.9236438265173,4.841484388700744,49.624595618822845,35.364161255053254,0.29623556735245893,38,79.15651095497918,4868.5318352916875,13
2831.9331407849204,12.820689244102804,912.7908993253569,1041.5375374326222,4.654565353088013,62.266494488004305,12.837288645350938,0.13802152995674552,17,86.51108588786246,5169.67468245934,3
2915.849627742332,25.815818760774796,815.4493665595251,1054.3157674390748,4.2172009278181175,70.8531132352597,20.17566323367388,0.2585190232576766,5,68.24112351038994,4205.313040334439,6
2566.0570172074686,20.051165305097935,766.3447410121827,744.6502848359381,2.8323940391748623,58.36715459527793,24.474123728205548,0.2815797587559239,38,82.0482764049379,4187.296938408017,12
1834.8955658988925,15.092456744760245,798.0126364631689,783.7886919183475,2.8448481263168954,50.15528929765071,28.899734200260543,0.28874031856404414,33,73.30907955637785,3889.1659569350313,10
1732.6785757734774,22.310517371316354,789.2735234189058,1210.6305706665808,4.890080961338114,30.322456514747607,11.82594982009535,0.2920271208810894,17,59.49680682287804,3719.7831163970322,9
1869.5858396966594,20.99529847786735,922.0282896417717,992.088969228669,2.030853487807076,34.02329505386941,15.600963902132708,0.2042919277442944,33,85.08691369386287,4026.1738462236162,11
1442.7838918312166,16.998915614206027,692.3320872528986,1136.300139474525,4.148149919726434,45.421629434679986,21.07257231165223,0.2954615815983007,43,77.82323186744111,5127.570005443304,10
1561.8299051613726,20.349010424950094,723.7480760853401,1005.6636752260922,4.118738487665786,40.85731696761076,48.86130763604203,0.2514620414268878,28,67.93107909767957,4285.769987606493,1
1845.987622334256,18.0734320156912,903.630289207248,1005.951227899149,3.8680686228493926,47.19543045521831,23.25388028412203,0.13233428724739238,30,95.56695950393154,5410.891571384877,3
1876.9751932370814,20.56758672625624,740.446506481614,1187.6567611951996,4.970326538260597,50.849748873456605,29.2816423244833,0.195380021293594,21,51.046705891336664,5027.770999002049,2
2913.187962263756,23.310653372605234,890.0533077331592,896.7910543565253,2.9356383072911756,57.94539131535096,17.843908509535716,0.2436662350744008,11,65.7886575624748,3425.196629249557,8
2625.4346438086013,27.93008408072676,969.9435983008709,1019.2241553881967,3.0199155913797444,48.94251832911363,,0.14946806316381667,17,52.84406988888233,5523.9804673773515,7
2329.4053169761833,13.810922505865754,759.8204973058366,907.5449422589916,2.236818208839667,,21.22732862063897,0.22812303670977746,9,88.32636581108136,5648.638916473368,2
2822.4267924779388,30.665166873281333,868.1362326575305,913.1007545135369,3.3283944096312124,-101.9342324443036,18.27970313753707,0.23332009580932384,30,85.10537270568963,4204.9098601321175,6
545.2395735818684,10.239561002387491,684.6307718660141,938.1655753062721,2.783145578704544,20.368001504691932,30.66290513783916,0.13253994876171318,7,66.56761093681585,5336.153234315993,3
1850.1872835761515,19.241074524822082,875.473329806781,1044.4267543267426,3.0301601065329327,35.90996909271868,10.220231966416833,0.21301706249055125,11,83.78314511035364,4314.8014100726405,8
2196.2709555146134,22.941586032422883,819.9423985986767,904.2502756673045,4.5037153707668836,47.83868666417577,10.306561305969012,0.25432538219572154,43,69.79686130979749,5078.136301398668,10
1449.067866033869,21.404959338675162,847.3038282160215,1251.1512251147042,4.806453540582487,31.854578857383387,18.76275236407431,0.19977913290718838,5,87.81268957112172,3988.4012744360275,13
2222.010848880251,16.88650240089703,735.4427927964605,821.0785395560993,2.5571992160155568,58.998930949943066,11.468854500032846,0.1024206233552215,21,72.7091831368353,3565.5148379723387,3
2699.8915145418537,18.959388748213623,633.8916584432827,962.6256711677282,3.1175267946603977,72.96126248515546,14.321030165227654,0.10180769381585844,47,70.61398639158328,4693.746248309625,10
2503.0263800718617,17.534995326705836,850.3252064749505,912.053788345165,4.785891686346182,68.28142777545975,23.554425973550064,0.17140586879400244,29,96.73649577441505,4901.0168429801315,14
2525.6971395093074,17.053176215278942,593.6596847520545,1289.3955768707465,2.1854253820676677,46.79835693604688,42.103427183192515,0.2852388136863564,7,62.543954994535014,4681.856245108317,9
2786.4429401647462,24.248010485105123,768.2649507757466,1039.3109553023148,2.2770815843341357,72.36089205274928,32.88194573477203,,19,56.02236699982827,4052.7755534219523,1
2299.830248957618,21.785077429825236,894.118186641997,1206.368907893727,2.4883729676186883,52.23001185803167,30.506709038256655,0.22687273777433742,33,79.2271556629729,4680.08075029509,5
1690.055081949121,16.535452023696728,819.1897735873036,702.8879253926057,3.7856385023806243,44.94371043322941,21.739552928324866,0.14441517413866412,47,98.46609061420895,5215.435802064587,3
2012.734442174014,24.497999377166252,994.8342644789814,1053.4100531738518,2.4514168130179925,40.7989600468859,47.270148777312656,0.16433399793190973,36,68.89196068635934,4964.0855759019705,6
1778.7185455448007,21.536497604383047,902.5109152581773,1177.9261591246875,4.9042291443522,45.462954702678076,25.880601649487666,0.2696084179202968,30,53.10183818143908,5146.000824479371,10
2846.8179532334093,24.0643105941948,734.6101611674424,1016.4567978550848,3.340143581775561,44.17734772188157,13.48371067183086,0.24577228845398938,20,66.96526336547836,4463.907839636614,2
2314.937940502532,23.14814420961806,802.7313379851439,1213.0960750130703,3.5045538810504993,52.55624333563232,34.68266064471205,0.11907985546264213,29,75.29658271597792,5937.374331772928,9
1996.8893173441306,15.855024945389639,795.2629297455564,896.5423099799256,2.7399758474162192,52.40860971574797,14.553535739064056,0.1857404041972867,32,58.09615033161069,4059.0613307561753,6
2557.437816575288,17.199094799015153,641.7823236653873,1281.8694880371158,3.4128807573042006,50.04569030230122,23.808925712067683,0.1058339527290529,13,82.9051109028246,5390.048237669374,7
2360.5119452132208,23.736468025616308,705.9601083515647,1459.77962472385,3.9857408979110347,56.55407254619525,30.296477548712353,0.1961780293206018,5,99.88746945051003,5945.512874367969,5
2530.278117112136,23.051851327167324,743.923909302014,927.4322879120682,4.253531410862128,67.85969412179512,44.96890098740703,0.2324868023402136,33,72.58697379907218,5384.726474199117,9
2824.9048281284067,19.89549203017926,596.3779497144063,910.8994957198456,4.261604248129739,64.24331203161985,29.741863213604745,0.12370052471963032,26,67.73642783651063,4837.980618348136,1
1521.055194181799,20.58663691654391,804.7493468251643,1290.6768954235401,3.733673338082265,27.726530473251447,38.09035064126657,0.15777698778183313,20,70.03520834172333,4577.362362669617,5
1863.8697315013114,26.388324478942124,775.0928155346959,1315.9144291461425,4.713079324981572,11.691182976470678,49.712673559962816,0.17956732510043139,45,55.75730891976006,5828.870120837005,11
2556.581507683789,17.04214305582085,632.7106098688425,895.4279945693463,4.452223541918328,64.01479866858911,15.259564795919264,0.28390620493120994,48,94.16368007131119,3861.620059790662,10
1839.6661063966642,22.735486905850188,840.4212865277332,915.9626365808285,4.271144344095877,29.496819523768682,20.98926102078078,0.2986510030845928,45,70.7412827760676,4223.900591696285,11
2427.2884380981145,18.98903673783053,871.587274469096,,2.166816565041382,46.62851897160975,25.783043023905854,,11,69.36372057124207,4681.953787606622,6
1890.6996247665334,18.9115939838639,822.7034478864889,731.1098977931446,2.020633886658948,32.448304609109606,26.873127141553255,0.2522015846990784,18,82.98451364652371,5990.123006009599,7
1626.2376728650383,25.49388425993595,767.593182479103,,2.637341831586419,22.970293436299706,26.44084301062183,0.17434481328046864,33,72.10167104655618,5303.814108832717,12
2299.346621946585,24.12708174494015,859.1442151751855,799.1718466495864,3.990570781740357,58.12194092307182,46.3044401022622,0.178491637245896,23,82.41167344039229,4225.563393191804,4
2645.0498700337657,24.067548180003193,868.0220360476691,846.4404869791744,3.2335924666476377,61.387327404539704,38.56130577867425,0.2508529946694045,23,53.07231450653938,4751.753835692077,12
1600.5074941658136,26.527394035771646,830.7403569719688,993.0630225226438,3.207218777897935,41.35234398909921,34.31620856362815,0.28368528642908175,6,90.68616718611136,4508.541484722964,13
624.0427509487218,20.105019208163796,717.5387749565239,1046.842946507304,4.653760664688841,11.134365617826354,22.374908714511285,0.2901857189005097,45,97.02519764397013,4432.168806213172,1
1933.728964881321,23.40976485647482,827.6600765511181,1310.1000985628154,4.686688544395516,41.806333276212754,42.95161536885179,0.21542451720766415,49,82.4382693079693,5783.111646845424,11
1228.8475662137214,18.44866621703272,919.5480650825479,800.3291918522418,4.727525792160757,55.877060081038195,48.202420459399555,0.17142423186010056,19,97.72829644294055,3902.6054965891954,8
1335.434767864654,21.62083176244221,740.337094138827,1196.8644796953167,2.941634229545082,27.81632646838807,85.69586260401812,0.2575098171717558,7,57.571615718498165,6287.024684587499,10
2490.265473559475,19.349284728161578,1009.7939339132431,957.2022311548982,4.073167438217785,52.750398796687335,10.062604207658916,0.15020027665246005,15,73.87080947401768,5662.583752147698,4
1872.938057860433,20.48497982496359,747.4369066014616,990.1072580695134,2.814899543823109,49.77035226240507,35.45605480733628,0.21281480576670353,34,80.09033669727236,5872.689336482958,3
2706.7123593574356,22.97578512718457,803.2407013340136,1134.9638984333208,2.5718294992233495,58.689372494016325,12.045415257684029,0.17171569230497463,44,79.08683237105933,4629.648390379793,12
1606.346600841366,15.908896583832638,732.7514403993664,775.4555956875403,2.5538973720421074,51.7937055262123,20.304288813348876,0.23132621474157522,22,70.07308895445216,4880.047424736713,7
2681.7301887682543,30.461936378427303,822.327083592026,1076.4819492368101,3.0263228625907823,35.40396588677667,12.380988013910867,0.14807978257870139,6,66.90422046831307,3853.4785483802307,12
1975.513948585904,14.96991309250149,625.7778307364724,1033.2904416426113,3.2898728593394653,67.94857252496737,34.15181811797551,0.13831858914696515,36,56.34120112752094,4580.2700743465575,2
987.0651179581738,13.92905693606134,745.3958201183278,1098.4902528016298,4.492847513165206,47.62205640459545,37.46359653970427,0.28364781733508737,12,69.58712252811391,5394.92387811452,8
2528.9004057812926,25.790554367500338,690.7878799651432,1057.8337287815637,2.359673280418136,49.590431907351025,14.579505522636204,0.12036073658990738,26,58.13304075527426,6036.850449425117,14
2486.2424533408557,23.95831346981468,813.5338347892291,,4.204777542184683,36.00098061390206,25.353555321799178,0.20119158154698633,10,86.71828382461092,4114.274546558038,6
2016.935208020943,23.120599085260775,899.4447375508907,872.4520031497368,3.594364742567916,43.35076623212734,28.249460358221683,0.14417055659260178,16,60.4415467747295,4707.595250411788,7
1573.0487377798227,23.1417275463214,864.6006187114551,893.8006089996364,2.8638360280279773,36.727959289596484,24.762120870436664,0.1077859926651335,44,52.928265264226695,4878.960623813982,14
2230.1262887925186,19.938766135765427,562.8340639141107,875.3718947150471,3.4784587535984737,47.405809101148655,14.841000019407723,0.10720376365828528,40,77.61830689086172,3883.368638246012,5
2667.8695052380695,15.513728142570843,1004.206965292788,888.904576167949,2.899826209331068,,26.757911607499018,0.13504435442116547,19,79.76148663597007,5473.079393406721,9
1281.9164498123716,20.37902279096863,829.5279940620868,872.5225745386965,3.788245865714918,29.421482856029655,40.04712191233672,0.2733540709012,32,93.59565306402527,4420.807734605913,5
1654.9876454038526,16.61419144243944,722.3500859507,1237.8033062215104,3.3015317685657326,25.796579031848882,12.840306581330218,,49,78.8490806208841,4843.687719058381,11
3282.803458004071,24.875598667088756,815.7127918990941,1284.1008495979709,2.493216587236636,72.06755491240412,13.207200563276139,0.2900918341150591,22,67.2740426861723,4638.440502470497,5
1416.1521766917801,19.264713092489306,817.6189822502693,885.8507412501048,2.3497492236670903,,24.19085167343937,0.21632445859783872,6,90.15059407631603,4368.52919542426,3
1001.0353003083901,15.872514016037442,733.3151283048436,833.5288853791542,3.6400870462163906,39.963908920101254,47.669028464757005,0.1873228379537532,17,77.01394465937105,4994.364011615557,11
1916.7367252868444,,819.7916667342075,1094.2831112772808,4.7072390998583105,65.59857031094114,36.742905868916566,0.2160177669338909,49,53.96401423155959,4827.512337145582,1
2123.8558940967896,22.06465727137812,739.2527712379692,889.5553911438058,3.0318730596730568,40.91576690394704,37.14679826690259,0.20333967704525355,19,78.29252801566233,4702.513694177068,2
2943.0138713425927,17.181377235980126,759.5638007309977,1126.586363551102,4.199000321667869,77.39014570320404,24.4767996335146,0.251755250751465,24,95.40092727108312,4417.2307026557255,8
2188.270550154521,15.888898022167844,731.3720864244915,1040.58460417026,3.975984064819301,60.16888807008904,33.74643164834154,0.15649921319457044,33,69.81563127491103,5255.619736626364,1
1606.1281013655394,21.218436057459563,656.7328710260347,696.8511770005537,4.794664742928443,42.68132887781446,10.405247361109735,0.17061007832006048,46,64.81629009499001,6322.893814793828,7
3162.216138789306,21.224832855543614,814.5836470215384,1309.5010402660123,4.4629430518974225,,35.44384185638169,0.27881886050665017,33,57.173472850901,5111.9097862713015,14
2023.5304194187229,17.46528412314435,858.5299436516339,1359.1755346191044,3.699815776716389,40.914276154949924,46.53147790304947,0.28929130263008107,7,57.572276096767865,5796.894571928903,14
2191.63848405604,17.644808471908387,851.4883596076372,877.4422619031227,3.971091494702322,61.13143058013961,34.50293873379277,0.2785116454972949,23,71.63857421709095,3887.82245987723,5
1930.236457867599,21.16024968678818,881.9925252635235,922.4596880128032,4.695159399752105,54.48938870609738,44.947943738653805,0.18388959879146272,7,79.78399120807647,5126.209151435016,3
2283.1130579065007,12.759578292513378,832.4340210014868,1057.173078144981,3.1985563537608046,69.52611934098198,38.95892221864375,0.25607310060137634,18,54.03077025848009,4122.105344823147,12
2697.5348258011186,12.962681128117223,746.7274501783096,1066.891357997405,2.9803841175733323,73.42266795090279,14.822336656147609,0.19526714666021977,44,96.97842945125828,3818.460057974479,12
2024.082533746955,16.40777889373782,883.9663864431188,1131.7088545345662,2.032433250905589,50.4800622359865,46.09813229143367,0.19950797042922042,8,87.75668087225979,4408.502874032771,11
2534.4939814050294,18.932764241440765,664.2482460158064,1402.04090775327,4.479653222574393,38.69873194480725,12.657753774230995,0.14093602181145679,15,79.33119591418313,5953.5194675308585,7
2152.1564063893657,21.554537827990025,709.932861748752,964.6105545011901,4.402942101210095,56.89958214408675,31.35869890191055,0.2182260606517033,35,91.42193354694953,5760.012662935716,9
2051.875877606413,27.376781084747762,703.5799928576755,840.3405510923093,2.3133635543004543,39.834269453718406,15.685484951738307,0.1372271795506696,47,54.00933784060567,5194.40377764352,2
3001.012634605997,24.288298116010097,908.005605913931,724.1361543970945,3.730572143398101,80.20080871289935,10.468264429236163,0.16631293981343875,36,73.84194388665622,3773.8395520880554,8
2122.2311505360185,19.200307350182864,894.2788514140076,853.8139920116162,3.391945094500662,52.04802996624106,26.88137040510556,0.271006040323987,31,81.50465634308317,4842.975478889651,9
1963.2374903269929,19.904918960486555,848.7305237044994,,2.356127286527334,44.52017673031837,,0.14141516184217104,34,91.43264530591446,5241.360007121389,11
1975.9516780414551,14.987353176810956,907.1929865211797,1358.9115727035576,4.941704681182171,52.77020458797362,29.44001975190412,0.11423165703468657,47,89.17347800246338,5140.428983662879,3
1491.3645001088018,19.90743432003805,712.0717217588012,896.4777401927657,2.644087662390066,29.793105657054554,33.08799546938204,0.11380151852256326,6,63.85346248566998,3524.9651332154035,2
2180.235674505966,18.55670680539931,834.859511986098,1044.7575903277798,2.2017025402716834,35.42578942234023,11.749562892357893,0.28815690410062156,13,97.0440084779602,4287.745721584102,7
5636.70270602025,21.613592801690448,787.4825571616835,996.7154207854496,3.7845421385057287,68.00620861916639,14.920131804949825,0.20138408759236692,32,56.21729207154352,4948.737788681026,5
1667.2688813279256,15.863845282238385,884.6882103884914,1237.678654689617,4.216600031399098,40.14658581542906,32.34569585801701,0.18188241436340366,35,93.75668093105762,5429.032727613752,5
2194.9981284665096,22.596732571205862,788.4775767447802,1505.3864851747244,2.097330338141561,34.296335259770906,23.72669412690633,0.26217571620158364,38,98.54701248023093,3243.0977431200427,10
2318.063833767418,27.66369456501289,761.5057111589919,893.8262454159359,3.9761529161810665,58.049791287909294,39.16693950197792,0.2671651855821032,19,58.85767616113128,4870.300819616114,5
1759.5376284485021,19.456199257715713,854.090851856099,902.1121114963555,3.5968756278543634,-135.57112463988992,36.09166594367758,0.16643820662312092,29,86.10330321018927,5114.439015903162,4
2485.935377083473,22.008558610494706,887.6169167191233,1208.8321754138144,2.309795026625145,60.784299659976,,0.23872361149475904,40,52.01427593889992,5679.68959081297,13
2596.735844720856,23.450719958555563,733.1654805153198,1136.3782979252624,2.517571630839086,64.94071528708724,37.69971306676901,,12,70.27114125695775,5554.2860673899495,5
1919.711409848691,17.993897640570818,793.8924328647624,1369.3414651472067,3.7039228919482414,38.64807367145809,27.197243095605927,0.2309301373731909,13,75.8141649598837,5466.057055047044,13
1892.3827033852087,21.120462409052084,694.1559366358347,1116.7856370651928,2.889072840539865,28.672839998872345,36.9186648957773,0.13031901496001988,41,79.0322612954817,4360.047594638452,4
3000.9333601042986,20.062962003908975,550.1938982507061,928.141581842588,4.814947185953948,72.5200047793323,21.01524697021674,0.2751766167034114,49,96.79686241242797,3473.5982903013537,13
2358.9962305644194,20.48838049274416,820.0459631413729,1118.1309661384619,4.456220688452152,45.15980241736796,22.252539951128508,0.20781891054720175,43,83.61253436470973,4685.55779435088,6
1530.703162745876,16.13495108072267,860.8905356254631,1221.7407161165816,4.95070161954099,46.23750475317429,41.55940639683173,0.15649448527400073,36,74.06389756096185,5801.305460166848,4
2440.8311470898007,20.122550871294713,826.2066809086725,1164.0964362394727,2.779012516851242,69.92291212773587,27.856780656063286,0.1850456370875388,21,90.48375181329448,6114.763622019545,2
2639.2198787329717,22.489991456227248,605.0438282245633,1101.4548062214596,4.909170898393931,,41.9352136207341,0.10751421807978148,39,97.52664104772045,5568.439281838228,9
1932.1083083601957,27.25571803897521,764.9150569923526,1213.3349379178308,3.293701609374674,56.83831658122411,42.89689494673114,0.1255733602444835,41,51.10330743411454,5343.472658241388,2
2882.366378180486,24.796354130426035,578.1652239948919,1233.8591180891344,3.042556385941264,82.47503517351626,44.30249350645135,0.25310935010317215,23,99.12606361280194,5303.711718708772,9
2357.140973078003,30.765912287557782,936.9701107654184,1276.4317982075054,2.1510485809080597,40.347226544297854,46.66540943364829,0.10000232695107324,48,54.306606953184016,4555.1050025913755,10
1841.9517364642154,16.163262185559752,691.3945417881914,1129.7419775179285,2.158295773578808,63.917601921218555,27.23940882053185,,33,90.71933896343808,4895.951765157104,6
2391.1711312312323,24.361603183603393,925.5403609459896,966.5763839366291,4.076033767839964,50.855196873456265,22.754672732845552,,11,64.01673762757062,6335.255620661064,9
2503.264115912553,20.91671002869176,894.5869643684146,1029.3427372866645,3.3737869833020837,54.02888418294886,33.28794986376455,0.11092688400019446,32,56.608982887693585,4245.953595366499,9
2751.8485413600447,30.94901466608836,709.9409647463938,1241.3017933016713,2.6795648781083172,72.92702639618798,24.846896937505104,0.29461563259446655,13,71.99278198569175,6291.8230325678815,3
2451.3729799472712,15.958508573224243,686.7215048732255,836.6128658025527,3.8419109189756977,57.61753634434436,34.042966672009314,0.1452250662499344,32,82.19782897238068,4742.377476406353,1
1723.185122714432,15.80139078909612,835.0370216386339,1073.7346617745802,2.7585743547503334,58.07444118574449,38.223434505752984,0.16083974392725617,10,69.04759225117375,6060.345687276063,1
2365.858125810111,17.00303677277989,715.5675962816929,921.3322375345278,3.7328952630332677,66.08761005964703,37.536200739685476,0.16078850245100546,33,52.72827041413495,3874.547992401969,3
1575.1356336531965,9.380521378450965,810.2484642158207,1005.7489645869636,3.077626240948071,44.52570905685672,24.982115480804854,-0.29216666484694,21,79.97305698293583,5468.723360931719,5
2074.0623484816697,17.371224891596196,751.7172409193082,1255.6903725214597,4.470656679835457,37.4118549899149,16.67440806795011,0.10029476441726229,20,95.12016380553374,4410.583891241902,13
1139.2405972601102,16.20433669223151,621.8841585534367,1038.2198136039806,4.462088482300338,34.327862089684494,27.2211735384883,0.24586895881759926,27,69.16076829736258,3867.78624646065,3
1856.1575443468655,20.75196893238104,576.953198087554,1009.2873096312297,3.432051194367204,20.504651159359973,15.70376576327635,0.29336909995985705,35,60.81663888154135,5174.827233928757,12
2624.0659925346404,,822.6684248494597,728.0287718040162,3.0524573280050467,80.84310694910484,45.60388140735233,0.144858696657009,7,72.12886729664078,5807.577430876775,9
2643.719484560497,29.380854196079433,743.8442253669375,1149.250713205444,3.087679389677284,33.451874514174754,23.835098429514296,0.23260943836068448,25,52.41813555243904,4324.046849125203,9
2015.9683337083782,24.75211919093025,744.6910183085868,1129.0968362282151,4.417143577004653,46.68119564621342,,0.24837926539174301,30,91.02437922401374,3800.7872316332787,3
2255.0177414442865,17.115481721687985,869.5863839093786,1432.6509446610921,2.984538448392836,45.84780050166619,11.017910396230036,0.26968507581810497,40,91.31704054750934,4926.524188532036,3
1926.4058578309753,15.50792664325821,917.3442276632445,938.4443530093998,2.6271781211205383,54.61110046713651,35.83289545145937,0.18452583940272183,46,79.40002317148142,4930.051736978256,12
2438.0879371363726,22.459595857532527,772.7455278638191,1043.8300655327878,2.2540650256259207,62.23605818808945,,0.16058618112808584,41,67.65514444691948,5438.655702043599,14
2452.1828407853322,13.398833964896788,765.9401293090139,1049.876736742151,3.400079362653225,62.90710232539618,23.624166663251668,0.1650590268046062,26,89.98916822228917,5759.67565709159,5
2541.7099980976204,29.15729382927177,850.0143033113884,1315.4906559526949,3.4463962967595254,41.25383842146592,12.868475553906041,0.24252426661970256,46,77.73435123941836,4952.467854982005,2
2841.9276799000836,25.897200603606436,664.3064430300425,980.9408935226096,4.522726131208722,47.49317429320383,26.385155795809283,0.2633558933011272,16,91.29661542750081,6484.40265183541,6
2261.778898881974,17.654121739476476,822.3153054747697,1055.8043051540678,2.663716089338192,54.2386992573245,22.448699802535742,0.13632279355132054,46,81.57293962915102,5179.387795628233,7
726.1922271540307,11.434327354545612,855.1885971822154,1121.5793019433079,3.1429738210052,46.2696331072468,37.084825589400374,0.17418820163155305,17,89.22027366063986,4722.85879519448,13
2833.4044819696765,26.769361870827062,868.0230208417629,1037.3218246312717,4.425217216681073,74.1101836402999,34.231169978107616,0.28038803934983003,15,79.928149660888,3710.7461127177376,9
2558.2475994579304,19.42730077373691,606.3247297497535,910.7132770898943,4.47087083224692,57.36462427457377,24.583749127901598,0.26133870393894787,20,70.70705341078332,4789.872383747066,6
2401.1285237610205,26.189081559867308,723.864473019106,1038.8179985796614,3.1538332279363046,61.02316679074726,18.715702170199606,0.2969716805524951,12,97.89729299630687,4730.890443671091,3
1469.0028959807203,12.027861706028165,712.1736747176533,1214.7263499719545,3.3773720698600425,59.94321903001119,49.52143864622367,0.2508496519364162,44,77.05569124394223,5768.243837025177,12
2029.566739252901,17.003124885231134,809.9886954409213,794.696940117788,2.9098576725478487,67.60210786227987,28.160064847844595,0.17863904020558447,44,80.25447592702692,5369.986899253483,5
1674.4785474547286,20.026218498590914,848.0744579767984,1026.5939348293753,4.797664635257936,52.7153233805556,37.530969431209485,0.21812756679892753,49,61.024381970737466,4056.5047026939064,4
1525.1550651384196,20.23490296882371,949.6710407445981,859.9758370121654,2.355931297224741,30.547520780662303,15.622118703134431,0.23220285084946404,6,81.28253947136382,5137.80350912883,5
2592.1579005807607,,750.5034519631927,1239.0093257849685,4.80124826900441,,29.423587986375914,0.1156911632634248,34,78.5803824741472,5537.224937383243,8
2471.7869958690217,23.114249661737492,750.2427501690786,695.3626190432451,4.0515993555060295,40.22964659312257,11.101468794778619,0.208899391820773,34,59.241919897351245,6222.425087510266,8
797.1345363116843,14.661897853087028,914.9672018878747,888.2156305456823,3.5947164580601934,42.07074977375365,30.218204716417997,0.2418641656945219,16,52.979354867657186,5710.003173931247,6
1937.957786052615,19.288102574893532,829.6576938530305,1075.4423750129042,2.0979771823534876,58.7954602813264,48.560696284708094,0.13346426080021206,14,80.21796598573856,5608.677323449182,1
2831.6624573715644,20.601478158559495,926.7651511187973,1313.1048058468682,3.4267885754660248,68.57424607150453,25.368268519432007,0.25612634348511143,48,88.18461346751603,5048.068795692131,8
2466.9768333473667,22.572194170293745,828.8728003009836,,3.2232443150081966,50.319073651040924,11.559840502996463,0.21675455610282232,15,76.17006854610041,5310.64960433876,8
3010.564351862851,23.55807439044445,684.2883381286729,888.9600946613604,2.4836564359253677,54.63249518898446,11.23823163677374,0.2904443571395189,19,61.338631265982286,5999.603920564927,2
2216.3532376476664,14.376789540810654,666.6871645222193,1376.231413888118,3.9692288105019706,75.53322416952857,25.51947039787478,0.10848445964137834,20,83.32609883465175,3933.77808201628,4
1114.5116158177984,12.329429146321889,644.848775094107,710.3972199167513,4.913452722104857,53.61129769232853,16.400997458527762,0.1530652275110934,21,54.00528633048011,4720.448538226436,12
3895.7136961295337,26.388384109492545,866.2051834758473,560.2388086759836,3.6865664331935752,89.02524671270592,10.934083853127436,0.2203107758599648,30,72.09168524009773,4381.945000995007,2
2476.1830071652935,21.661570059897958,918.8596823087008,1088.0028900106665,4.144259829331837,58.482644684473165,40.24854455800707,0.15931198244118613,6,58.16833791992101,5303.322494980899,4
988.937003416538,16.25756731721723,984.9362141386381,899.5891551294778,2.20535135769805,23.588558612662734,28.340920355275628,0.24288483281424844,16,59.22295255299417,5984.17774052063,12
2646.6774884963033,27.755759877612615,884.310533232324,795.7534365738574,3.253000987450984,61.30012431656799,21.569790878906183,0.2518010565043862,30,60.11469745791018,4522.4205706231405,13
2187.5849175733315,20.578373171464293,916.2838577534985,1141.6712894598706,2.3490754554934874,55.71737577324167,46.00332732065923,0.1205031928132949,27,69.3353528521989,3087.7565060244497,13
2838.216477752147,25.896485920319133,741.9983667346315,1048.7601427542397,3.838387506609531,69.34629131124119,14.645558408021024,,22,52.55751028101988,4670.223403980424,10
2005.8169922595184,20.337592407050543,684.3584183256144,887.1842738526543,4.815446474642464,60.097720269049375,48.23675315821277,0.20177811111821117,36,69.8896720464549,5730.778985613925,7
2485.571121879112,30.303739624409936,885.0079332417554,,3.9853331974149153,47.92316024024339,22.558668695094113,0.17385615404310822,42,75.58537235573505,5430.103922359904,9
2339.000106286237,28.77670421221602,841.7680752239401,1174.491465656029,2.2304091449432644,31.635526455659512,45.53614689234725,0.28658497251393444,7,74.16471424831626,5342.5489982484605,14
2164.7162197952352,18.75517925760463,810.7444374340893,1130.0402355917322,3.0639986149552483,46.86465114070962,34.117715059178465,0.26550126397464424,42,69.13920502015202,4776.005358500416,14
2197.686941331046,24.85785475477178,838.737148063299,980.1648272441234,3.651990138322555,37.2421931868605,43.0682943896595,0.23944187638192735,7,91.95733040353763,3976.775411024171,8
1445.203731020232,,832.3185482458206,1369.3273992095333,3.2096232683997568,41.29214825292916,49.360526528418575,0.24286532714699952,34,57.26633462102521,5412.235457299574,12
2434.956017618356,26.843157787661745,928.3816859853562,785.9830467347695,4.500932031425517,58.82867606630914,21.53621751274983,0.19234322876262383,5,75.2848371890687,4332.5745519723005,9
2018.8001570642678,15.175382697099478,929.4985584816956,694.8949658150523,4.444013014129967,75.0485675652711,48.44541941630372,0.28419890421931515,34,53.10207084782772,6747.277386704365,8
1701.0285160556896,23.430257299992196,854.4220352340348,861.6183860237511,3.8354930603096644,55.920072947344714,25.579275796096816,0.23891908545065707,49,53.55778394389549,5456.4057666836125,2
2184.3721158697635,25.29212243424794,884.5802872562929,990.8827967289004,3.120373835398116,32.06175406947224,25.420476189476894,0.24579621233116328,36,78.69329248385482,4535.481357956839,7
2114.7389617513527,11.206302567884428,851.4062552424775,1048.6678898645384,2.7660091212897324,56.66904002330211,23.615484170180228,0.2723381807574691,32,78.30092124439105,4510.891802089098,2
2124.293203326744,14.083707436671125,753.8830267965382,951.752788428734,2.317622954639388,67.94947229968477,63.312608587806814,0.1548143178684382,25,93.90167564222284,4925.64463470913,13
1549.1129493339267,9.803839111199498,875.6564674913141,1070.4110793028594,3.0646930504596623,40.85325643520927,16.165801727139485,0.26141418077334055,17,77.89368378300367,4808.3984623826,12
2178.37214366517,18.652965827777212,660.5504931140738,749.6921151619111,3.2395175516231585,47.989742499906235,32.14845941432045,0.1390481205912984,31,97.98955102024252,5893.467020423964,11
2123.359292575158,23.58771127897981,905.3891552295884,,4.0274687753122205,50.22032292093795,31.66819249640016,0.16906839044897756,40,52.43474241999649,5149.132935795237,2
2293.6932462588466,27.51178526048014,680.5477060233965,983.5697643214862,3.97447947289272,38.2265253037664,40.4760725041948,0.16712209085396854,11,54.90038423903705,4414.6946088731775,4
2079.6339454852773,20.370473902098876,828.5803286794733,1223.4591663176254,2.2103244189237707,59.72420650765788,43.34599847750342,0.2957050936778281,26,52.20329307851907,6512.352548124626,1
2566.9826447976175,28.143077727856458,715.4846041573841,1068.5450692755408,3.185777946293473,48.18577777088328,27.617654012496963,0.27130744474958535,14,59.263842516677,5039.446665216178,5
2088.5568953289694,13.099492708925542,855.3388983074427,1091.3506438307568,2.5453366016520858,56.292986658605415,22.09332997405975,,43,77.0635055470839,5615.071740775117,6
2212.9141528276828,11.483087803224226,796.6074774072091,1113.9534560464408,2.470438115950417,-73.375234665937,20.373395892683778,0.245411352323078,19,82.27860907137139,4513.4187940441925,9
1825.6449586418832,19.722261505516904,640.5244041836668,1089.541712003463,4.4819064492117375,43.438125495148846,17.784953468194878,0.2124145588805142,19,52.27925789743344,5290.492502195619,10
2486.7249873275227,21.920327244696537,842.0699631018479,1128.5445519735088,2.1257456501487724,60.83572036741657,12.305903287960994,0.2894181334217038,8,97.29854449227997,5248.887992914556,8
1696.4390908940056,19.836526259529535,742.207922316729,,3.257548627706364,44.4075027186235,23.697919153388533,,36,92.10826883251906,3488.2805663230774,2
2125.646965602278,9.662789499800617,888.114672081337,1039.3042339402941,2.5046109672995547,75.90445776850108,20.80990768523133,0.1761035419739789,27,64.83062410785466,6612.220088368512,1
1945.3952202820437,19.55439980243606,800.1325688734407,1141.8007515177023,4.637990647035422,44.005457215780964,48.65669543465629,0.1326070673863182,10,53.8593765113234,6032.5155687380375,2
2252.2254802892417,13.477652497475734,839.5420985388038,982.0528611425547,3.6711215398251054,53.37027088627829,32.308353050001756,0.2572411304522116,28,58.49435366095287,4682.24374708321,7
2998.537146130037,23.348362744150194,704.2431044984788,1288.0234430898945,2.6941419091305443,63.98886247809635,23.891081561220304,0.24688878641511827,24,56.34722068774863,4118.184207635316,4
1468.870606444231,21.83299123048424,741.0667768572638,864.721539588146,3.5072818614991292,28.724514006004526,33.21870403974784,0.17687100770482697,41,56.16418896494734,5278.049291042842,10
1432.2002726533258,15.300601068363225,754.1361363898916,1360.1880865821631,4.194459079109348,23.587867820288363,15.56786805382782,0.10503868279184587,24,75.9280844332867,5069.358159531517,5
1609.1463240234962,17.430665413316532,885.6702480242556,991.9684098711314,4.874354026758301,27.11515528144858,27.761749968088118,0.2677994655436021,16,62.29237212467002,5284.535158850584,12
1847.7852803921955,14.703932390555241,967.7377087805489,713.8449795763904,2.6613380127362567,68.93876155140774,35.04937285684255,0.10228359669081473,37,67.90698582645723,5153.261916955272,7
1405.273721517146,19.68660451363414,719.4828248257123,1025.6208829821578,4.658545316388036,41.7221278116133,29.555913271698056,0.24073995592581018,32,99.47526666921613,5404.992791444741,3
2999.777779417121,24.775711602506192,907.684814465768,,4.802912342502471,88.37298928502378,26.07115202617297,0.2940514219452114,12,84.21571244626725,6157.844559513445,10
835.6221362049367,15.071369768322281,583.0322582274298,1168.1287097977447,4.749261633596198,41.53628602013917,49.75393555598793,0.1875322656296407,5,97.44903335235007,5454.4825641029165,2
1531.5010998317875,22.520232577589223,680.581059890771,869.4752041395218,3.9062430705857296,52.768269547955555,45.21259048595708,0.14699468099919055,41,57.12782775165578,4160.275600872047,13
2917.6718608149326,17.348711908137794,704.1221543813225,910.763313357044,3.889461963304123,73.13164928851813,34.936238326377605,0.24097420200867634,26,69.10697374162847,6090.050282169961,7
1844.5559321243547,16.03563583868828,664.7491310559278,622.0918538108938,3.2096318995514683,80.09139332238684,32.77509444729131,0.263425628403117,10,77.73659016411771,6312.49165079063,5
2301.111358156899,19.464848200227213,641.6411610212419,909.5387361501846,4.257193646911364,80.92255364954596,34.826419192983366,-0.41857212643113895,25,53.8379030944369,7521.6453876096675,14
2121.2603163706353,14.823788387903129,841.2998912137798,515.2241346742087,3.593882055052796,68.12549345889714,18.05248431289733,0.2934070550512292,36,50.209372181397896,4101.204773408322,1
2295.046769876715,17.23175347326409,778.5932302272139,683.2194353028553,4.0323142136848835,65.36093788717193,25.805509730572744,0.11033374433159222,39,83.52171668984587,5194.30561052022,1
2319.0414814930696,14.010610537055758,837.940539760511,1152.0829312288595,3.285373711546386,58.88790423801775,11.578381315635973,0.20095911966090563,19,82.09097584007176,3334.32103744881,9
2197.834070452828,29.823625664581947,869.0472686121514,1157.1600317301663,4.194489392129418,61.675416142499564,29.021841499473066,0.24369078946451,9,70.53944049998059,5442.519325103367,5
2062.1225467182117,20.176317759858645,826.5616993172533,1085.091512356993,4.473414552813647,41.732214255071995,31.720983358306526,0.2725280942298358,10,74.48220380160163,4561.439761466582,1
1558.9464204480407,16.50137246003707,865.7763176150373,806.6047713741574,2.4393087698084486,37.72701674866539,19.109989444128384,0.135851122381558,29,70.77215002960448,6538.756635859962,7
2115.5221891516726,21.06989955367111,793.046771375773,990.457728771604,4.498789146722684,,48.56115388662055,0.26000069635273626,44,51.200252242244446,4380.308023985134,9
1505.7316667881507,19.43835975154585,681.3006611694256,999.2794921818863,3.6208895953709215,47.447230662126074,46.37818443748968,0.21054141514370905,33,66.76858031087312,3648.653569626191,11
1864.8555702427575,18.895152002333884,905.7814180820797,768.3270621614914,4.533997727270673,43.201579260090874,38.88572941823624,0.17931073639799264,11,58.85411276986449,4622.989007437985,1
3032.105081908969,23.070833500217127,741.0887867218873,1300.67966035343,3.293905119023044,60.44581171185073,31.335465150614503,0.12634300571581872,44,54.921209455068436,3419.6097830262897,10
2234.5129701523,23.787538550236526,706.4403701237574,1175.4724581151343,3.137121456149105,64.32957812855766,44.7987663859074,0.27305915178178247,17,97.83602169446749,5600.879563605848,14
2481.1165906066394,17.34749426194736,782.2082124195601,955.8071652340673,4.745182197551667,51.32610329437771,15.226093752938517,0.13145464163594306,42,79.96798625210829,3347.9335629949437,13
1939.7010954728253,17.1209087967766,708.7189080703487,1005.3771677989062,2.753507802645204,72.16295121582893,,0.16195757184181986,22,86.43281421183013,5022.766064946527,4
1919.6692523500624,18.62474151424178,758.2569618010568,1041.6765615895106,4.532636975858429,32.87466328799742,14.992832558673932,0.1580091063924874,6,65.76818716330587,3337.7505441150424,14
1392.7009551183455,,834.4053921563467,591.6530263151419,3.4520617175282124,47.095108110804226,41.768426501976215,0.27428280683817086,12,69.65735647470076,4743.761756370686,3
1700.9469651967654,12.42404468900724,834.8341739246127,950.5645234958806,3.542286327653779,,21.03070273005428,0.2345405988417796,15,61.84619969483617,6314.702524643627,5
1979.7293170212108,26.834371337222624,710.2169933574371,863.6031504004403,2.925404844468452,22.0019507439041,45.083623240727555,0.2593362794382744,37,54.84828354827124,5288.518313148636,7
2163.6011619071623,28.224838567506417,751.2294627051256,799.6759980210169,3.719126601857047,48.75978971235951,47.761683753015916,0.1500935797584998,42,58.95158187207919,4309.2051160280525,8
1991.966627936239,18.75481980221811,907.4333004770244,943.779941422809,2.975633588828634,48.17378737425075,15.951838776204625,0.22497481992139978,31,89.8757022648243,4975.037208848733,13
3801.758627107109,22.882784815278832,849.6400117733941,1359.5373053699045,2.1178082427249567,72.70174614863197,28.50702420261574,,24,83.87729025918878,5014.413497635557,2
2563.9705739893207,21.556250772717682,1007.5065039348542,1128.168572253402,2.8159958160330683,59.462175268321666,49.23949512650741,0.2665660753576542,16,77.34644379927384,5378.104276674724,7
1667.2739639932515,35.39440404227619,918.0128173741527,885.7642020434406,2.019137130219772,34.63719763506192,29.336297438925865,0.28121741209625206,47,73.7544936433384,3906.513309375339,14
2652.586950001372,25.597874557172883,914.4293068559939,1114.5165562712318,4.93506436117057,77.81138849501282,44.54190090058181,0.10243135429547737,35,96.12171418280622,5474.053819077864,14
2247.697237475578,19.360412042596167,661.2131449544198,1279.8710873172004,4.897241629459242,68.31550543288029,33.54926088525279,0.23480398381175852,31,53.63674738893342,2836.4866947177798,1
2518.3318013719772,15.222297796997871,876.3860351633423,1184.9267365825538,3.1854658924169152,58.731465552029235,25.013196316784075,,36,64.0300406618958,4496.092358108952,7
1932.9947345873566,11.967768398712138,794.6893198303089,1011.9260739840348,4.185112563018938,46.60273851725252,21.431342221034807,0.2097717330154712,14,67.4968926785357,4609.380926038764,8
2024.3510884974799,21.017318179336115,744.901819646175,870.6126444588853,3.0374182952312747,35.6084114491478,18.128923643443493,0.15752654580873565,7,89.12129061063939,5506.661460856991,2
1217.8030989502793,16.218246273578483,816.8015340532529,1139.644662722718,4.013279471257928,44.416898358934205,40.47192765510789,0.16135531990442825,49,99.62573100809857,5018.104682141496,9
2111.223108092436,12.88873145201163,894.5211534611484,1078.69707708435,4.416290129137938,66.33122929556279,25.461620272921117,0.1705917006904713,31,62.03352573785765,3875.5495569149707,1
2653.870828694819,16.767135578787368,850.0831591004212,1179.0386440055465,4.840268734076722,78.26879458901914,30.451018488030044,0.22425848980992202,39,93.71536670685403,4212.005499346388,13
1963.2078912770994,14.592259981928025,712.152619865794,1127.034360336394,3.2006368275490162,73.14865292408284,29.693019200047278,0.16680999313375383,35,91.53113802158956,5158.944007637925,6
1974.9085240812894,28.435708175362823,874.245891359262,1209.910543063867,4.349893948868143,,33.09116116932525,0.24653981011805606,19,61.23286988208833,4936.746126508355,1
1935.102632502412,24.408198784747253,736.2412457924036,892.9529576878864,2.7977853518963562,33.205738500664836,44.62308582498209,0.18090547711477395,20,69.96662900996112,4536.700712291403,3
1563.7221846139691,19.960136793416915,821.6683118964286,1263.4788131268651,4.970996911380945,52.113293703668056,49.22957374333718,0.11367064006199173,17,70.48364346462596,4615.332968390417,11
2143.1620664288207,27.39972069445013,769.6649932522865,1039.51992093848,2.077308796293053,23.473409516557226,26.303368342952677,0.25675196849682147,39,98.91103342632792,5556.934397727431,6
2590.804901625884,20.38684153823809,778.1133748264374,1415.052174525053,3.810586419503363,54.847515712771724,43.10075688425212,0.1571516649185412,15,59.044595068944915,4585.845941704628,3
1494.5091082315416,15.693578993358681,876.6242975040509,862.1624363820864,3.9785179449539814,47.78596120551997,40.58111178618871,0.18655337591985252,25,89.9578985552391,4929.527004776742,8
2109.726491634017,27.615620386348287,695.9806280184102,1347.1927606330498,4.0641366712223865,43.00945247197637,32.94115805822293,0.2370887766443803,15,66.7096357086555,6735.949270464434,5
1576.2446678600372,22.694550218423295,994.5195074276933,1039.5821566925295,2.361162736367267,26.07945399099807,48.24188574447732,0.1664912314297424,34,86.54351728880802,3861.0538904928617,2
1961.3201860954132,14.813769228367718,617.8913930705504,869.7163992771103,4.815589350419391,57.704001598545744,18.018980621136112,0.11131713122934313,39,71.00055021478315,3518.525814740273,4
1777.317870731883,19.04830660958196,740.2332316745143,903.2228331891357,2.5435498371502483,42.009487405071326,14.370568412384856,0.17478420940256273,26,78.917988155827,5626.871731838885,9
1097.066384342612,15.621908733076214,837.021188994174,935.930538361136,3.8682602097195233,32.451247464345684,44.15847867821689,0.28888971653886064,42,91.63058866630655,4457.085550964717,4
112.00416511065077,13.08600134517832,858.431416643531,1084.8331892803833,2.668028237369255,6.916066800775262,27.56599266534993,0.22834687945971163,35,90.20827824919421,4745.4099778059035,10
1607.0470228450981,24.630887737658206,789.9524279428294,1104.5670976070999,2.921649251063813,49.58727642424046,43.87875416828242,0.23429582973344137,18,93.321159176985,4375.074897495108,10
2665.916033972834,29.547083202350652,794.2609296998457,885.2599992122842,3.639375625184373,76.58377395004617,45.723608207816596,0.22645643072752797,28,52.980866267232955,4792.15988738599,8
2833.7316508791323,13.007162130904295,841.0550085327617,995.1290815478035,3.2515802556937294,74.91888821821806,12.498303744762858,0.13979842779188736,36,84.60252765198724,6278.830489677073,5
3561.541473360162,22.814846183452854,776.893052254232,1428.4540717223726,2.4806768029295188,43.14355615120592,45.33859051944243,0.18366677282045601,40,56.999368836088145,5641.702766894496,11
1822.922199585763,16.746787154390866,939.3181257934906,,2.5128092072625448,40.966819094573296,27.932762214776886,0.2501879596726636,36,70.79092840092055,5689.778809509582,11
1744.2071301837443,,883.9349114231602,,3.254434364488399,57.031613841125356,30.41729956016929,0.12027457951063183,19,77.42942075273442,3867.0183553658835,10
1791.0202976876174,17.038030378805654,887.2824351005635,1007.60069563364,4.271848934826503,35.02421841217563,35.06370044372841,0.15557055521794244,47,70.13697423734153,4079.0770107577046,13
1840.761645178234,15.68004615160092,703.3843276629583,1024.0062653436523,4.693893940543365,54.52687849729199,47.05530426920347,0.1552638216931707,39,75.98058379015038,2728.7370724116586,13
2802.5776724296597,20.242608139724133,792.0611575594297,1122.7035945460834,2.2523829867781484,61.491204175770356,10.76464377719056,,7,99.82631543993097,4352.495343133797,14
2294.684933704628,15.84524941794481,769.9534051279296,795.4414869603189,3.1793117226782033,68.40399835826462,29.073738732712684,0.296073748188437,20,56.760865685642734,5765.362549108527,1
2005.653020105872,21.352284128899193,699.4398624310534,948.524692515331,2.30073669116863,48.49768885280071,37.50888169722243,0.1135005093367644,9,83.77280226682129,5413.557212598696,7
1471.5964716364679,,836.0164183945767,,2.0497774418977937,46.94489374734551,38.90827830792914,0.203740198876119,25,69.80004831928076,4822.789389638301,3
1985.5522518775156,18.80525976566795,746.2354242220183,1079.844624521056,3.98515604793187,36.830261198651584,37.70129726148432,0.13587293640244208,14,56.65048994536644,4982.159773025557,10
1817.1656670088619,15.462181689792011,865.5403829850237,1129.4391879405482,3.8073483258997634,37.5967946894021,15.377405176324874,0.29413530908194885,23,57.936838168715475,4448.891565939675,8
3828.5040631318107,17.116143347158335,692.9808437105669,,2.4890573414446586,46.602816621477096,21.97582353486725,0.12266070094549285,29,97.46365531228085,5163.807105921427,14
2615.3168500118077,23.77695612912878,971.904061284182,1314.7973526580065,2.701438499279192,55.510482602242675,24.34862101668054,0.18072020047231824,8,93.9800748355881,5612.702623584491,12
2105.972350674202,22.504585938121902,710.3667341407938,754.8468673995318,2.0711232609335553,63.703769393498746,42.1774883071802,0.24757699696692123,33,95.3520980207511,3707.290570071622,3
1414.8575457992652,15.112223776007244,821.9302337200436,707.125023958036,4.504841617083211,37.95231573979483,21.15039489658212,0.24091088560548904,23,99.57663879136933,5239.718150269879,1
2966.3312412018836,20.49666152714613,879.1859310388068,1044.8903637119945,4.924071788145654,72.39032853439282,18.428198554688127,0.18454572737878644,47,60.415769500425895,5745.947896763733,5
1683.5871256648497,23.756935616858947,742.9359569799888,1209.4196605224308,2.4063786103840723,,48.29792076152385,0.16930483359054366,6,67.7719668682031,4667.919768829304,2
